"id","duration","Adaptable","Ambitious","Analytical","Brave","Business-Minded","Cal","Charismatic","Clever","Good Communicator","Competitive","Confident","Creative","Curious","Dewcisive","Dedicated","Determined","Driven","Enterprising","Fearless","Focused","Hardworking","Imaginative","Independent","Innovative","Intelligent","Inventive","Knowledgeable","Leader","Money-Motivated","Motivated","Networker","Open-Minded","Optimistic","Organised","Passionate","Proactive","Problem-Solver","Purposeful","Resilient","Resourceful","Responsible","Risk-Tolerant","Ruthless","Savvy","Self-Starting","Skilful","Sociable","Strong","Team-Player","Thoughtful","Unique","Visionary","Wealthy"
"614a250473f1d6a2b77af508",461,8,9,8,8,8,1,5,8,3,8,8,8,6,8,8,8,8,7,8,8,7,8,7,8,8,8,8,9,10,8,9,2,9,3,8,8,8,8,8,8,5,5,8,8,8,8,7,8,3,3,8,8,6
"64480b662313e1b5ec1c7d57",280,5,10,5,7,7,9,8,5,9,8,10,6,8,9,7,10,8,9,8,5,9,4,5,8,5,7,6,8,8,9,7,5,9,5,7,9,8,7,8,9,9,11,6,8,5,7,10,9,9,8,3,8,4
"5ed18ee704d0cf0f6535f540",512,5,9,7,3,5,2,9,5,6,9,9,6,8,8,6,7,7,8,8,4,3,7,3,5,8,6,6,7,9,5,9,5,7,4,6,8,6,7,6,8,3,4,9,4,1,6,9,6,6,2,6,7,10
"5e3ec7559b43781188725eea",213,9,9,5,8,8,6,7,7,8,8,8,9,6,9,9,9,8,8,8,7,7,8,8,7,7,8,6,9,7,9,7,8,6,8,9,8,7,9,9,8,8,9,8,8,8,8,8,8,5,7,6,7,6
"5f77b87c01688933b0b2d174",409,7,9,6,7,6,4,6,6,5,9,8,7,7,7,9,8,9,8,7,8,8,7,8,7,6,8,6,6,9,8,7,6,9,6,8,8,8,8,5,8,4,7,6,6,8,6,5,6,4,6,4,6,5
"65006198a92eab7e9caf74be",494,6,8,5,5,6,6,5,5,5,7,10,5,1,10,7,7,8,4,1,5,4,5,10,3,5,1,7,7,10,8,7,1,10,6,8,7,8,10,5,7,1,8,1,4,7,6,9,1,1,5,1,1,4
"5dbc7bb351b13c22d8df0fe8",392,8,7,7,8,8,7,7,8,8,8,8,7,8,7,8,9,7,7,6,7,7,8,9,8,8,8,8,7,9,8,7,7,8,8,8,7,7,9,7,8,8,7,7,6,8,6,8,8,8,7,6,8,6
"60210dc6e7fa0b01675eec9e",322,6,10,9,8,8,4,7,9,8,8,9,8,8,7,8,9,8,9,8,7,7,9,8,9,7,10,7,6,8,9,8,8,8,7,7,10,8,9,8,8,7,10,9,8,10,7,7,8,7,8,7,9,6
"650061289fd272c2da72ebed",532,5,10,5,7,8,4,6,6,6,8,8,6,5,7,7,8,8,7,6,7,7,6,8,6,6,7,5,6,9,9,9,6,7,6,6,9,7,6,8,7,6,7,10,5,9,7,6,5,5,4,5,5,5
"614b802de16efbf4cf05f5ad",356,4,8,2,9,2,7,8,9,8,6,9,5,5,6,7,6,8,2,5,4,6,4,7,7,1,7,7,2,10,7,6,5,6,8,10,9,7,5,6,6,3,8,9,9,5,3,8,3,2,2,8,5,10
"5c55a5d2318c6b000118fc36",241,5,8,7,6,6,5,5,6,5,5,6,8,6,6,6,6,7,5,5,5,6,8,6,6,5,6,6,5,6,7,7,4,6,5,7,6,6,5,7,6,6,6,6,5,7,4,5,5,5,5,5,5,4
"5ea59f8987fbfc4238a93b03",309,10,9,9,8,10,4,5,8,8,8,6,7,8,8,7,8,8,8,3,9,9,8,7,7,7,6,8,8,6,8,9,7,6,8,9,6,10,3,10,9,9,8,1,6,9,8,5,5,5,8,3,8,2
"63d4079b9f81c5da3433f4b8",490,4,10,7,5,5,2,7,7,7,5,7,8,6,5,8,7,8,6,4,8,4,6,5,5,7,5,6,5,7,6,5,5,10,8,8,5,7,8,10,7,5,6,5,5,8,8,10,4,3,5,5,10,3
"57a7b6851602010001041efa",333,9,8,8,7,8,5,6,9,6,5,6,7,5,7,8,7,9,8,6,8,9,6,9,8,6,7,5,8,7,8,6,5,6,6,8,7,6,6,7,8,8,9,4,8,8,6,5,6,6,9,5,7,6
"63e52aac7a653a43be0247aa",382,7,6,5,7,6,5,7,6,7,6,8,8,5,7,5,7,6,9,7,7,4,5,8,6,6,4,6,8,9,7,8,5,5,6,7,6,6,1,6,6,5,8,8,5,8,6,7,5,4,5,1,5,8
"5e5eb65d067cb11e94ba7ceb",417,9,9,7,9,8,5,6,8,7,8,8,7,7,8,9,10,10,8,7,8,10,9,7,8,8,6,7,10,8,9,8,5,7,9,10,9,8,8,8,8,9,11,5,5,9,9,7,6,7,6,6,7,7
"5cc17e9bd4cfd70017a9ac3f",692,4,8,7,4,7,3,4,7,4,8,5,7,6,7,7,6,7,5,5,7,8,9,4,6,6,8,5,7,8,7,7,6,7,4,6,8,5,5,6,5,5,4,4,5,7,6,4,6,3,3,4,8,7
"615347f02a4276988f6b2dfe",317,7,9,7,6,10,5,6,7,7,8,7,7,7,7,6,9,10,10,6,7,7,7,8,8,7,8,8,8,8,8,7,7,7,7,7,8,7,7,7,8,7,7,6,7,8,7,7,6,6,6,5,8,6
"61266b1e4236cee5eb5e3d67",346,6,8,8,7,9,5,8,8,6,10,10,8,5,8,7,7,7,8,8,10,9,6,8,7,9,7,7,9,10,8,9,7,5,5,9,6,7,8,9,6,7,7,9,7,6,8,8,8,5,6,6,8,10
"60f2da11098fd40f41dd0192",457,9,10,6,8,5,5,6,6,7,5,8,7,6,7,10,7,10,7,4,6,7,6,8,9,7,6,6,6,5,10,7,6,5,6,7,7,7,7,8,8,7,6,5,7,5,7,5,7,5,5,8,6,5
"559e26befdf99b4f0b984eb0",344,10,10,8,10,10,6,10,4,10,10,8,8,10,10,10,10,10,10,8,10,9,8,10,7,7,6,7,10,10,10,10,5,10,8,9,10,10,10,9,9,9,10,9,9,6,7,9,10,3,4,5,8,6
"613e41e9bea1ca018fc1d9b9",335,8,8,7,7,8,5,7,7,8,9,8,9,7,7,7,7,8,6,6,8,8,8,8,7,7,8,8,8,8,8,7,7,8,7,8,8,8,6,9,8,7,7,6,5,7,7,8,8,8,7,9,7,5
"634d74e72b07ce951f84f104",582,10,10,6,7,10,5,8,7,7,10,10,8,8,8,10,10,10,10,7,10,10,8,7,8,7,7,10,8,8,10,10,7,9,6,10,8,10,8,9,8,5,8,4,10,6,8,7,7,7,5,8,8,10
"586fccd06cb8dd0001a29aec",448,7,10,5,10,10,7,10,8,10,7,9,7,9,10,9,10,10,9,10,10,8,8,9,10,8,10,6,9,7,8,10,5,9,9,8,8,10,8,9,10,8,8,10,9,7,9,8,8,7,7,5,10,9
"612c8c4ba182f1b1ca26f079",320,8,9,6,9,8,6,10,7,7,10,9,7,8,9,8,9,8,10,8,8,9,7,7,7,7,8,8,7,9,8,8,10,10,9,8,7,7,7,7,9,7,9,9,9,7,9,9,7,4,7,6,7,7
"5d828c6ae314cb00154459ca",489,9,6,7,8,6,8,6,8,5,9,8,8,6,8,9,9,9,7,7,7,8,8,5,9,9,8,7,7,5,7,4,4,6,8,7,8,8,7,7,8,4,8,6,5,6,8,3,7,2,8,6,8,8
"5fe30a8c2fcdc9eeb52c7e02",310,7,8,5,6,8,6,7,6,10,9,9,7,5,7,7,9,9,9,6,7,8,7,7,8,6,6,6,9,8,9,8,6,7,8,8,8,7,6,7,8,6,7,6,7,8,6,7,7,6,7,6,9,7
"60343d14094a642649040e06",712,8,10,9,9,9,6,6,8,9,10,10,8,8,8,10,9,9,10,8,9,10,9,8,9,8,8,9,9,10,10,10,7,8,8,10,10,8,8,9,8,8,7,9,7,10,8,8,8,7,7,6,9,6
"62ed00593e5dbfbfbb0ff18c",348,8,6,4,6,6,4,6,6,6,7,6,5,7,5,6,6,8,9,7,5,7,6,4,8,6,8,5,6,8,6,6,5,6,4,9,5,8,6,8,7,4,7,4,7,5,6,3,5,4,5,6,7,3
"6113a0516926dc17e9e7730b",419,7,10,7,8,10,5,6,7,7,10,9,8,7,9,8,9,9,10,7,8,8,8,5,8,7,9,6,8,9,9,6,7,6,7,8,8,8,9,8,8,5,8,6,7,8,7,6,6,4,7,8,8,4
"603c00e249eadd8e10421b86",477,10,10,10,7,10,8,9,7,10,10,10,3,5,10,10,10,10,11,8,10,10,10,10,5,8,1,10,7,10,10,10,5,10,10,10,10,8,10,10,10,10,10,4,8,8,8,10,10,9,10,7,10,5
"5ea0613bef1e880130b36f45",418,9,10,7,9,9,6,8,7,8,10,9,7,7,9,8,10,10,8,8,9,10,7,9,9,7,10,8,8,8,9,8,9,8,9,7,9,8,8,10,9,7,10,7,8,8,8,10,9,6,7,5,9,5
"59d4bfd1719adb0001235bcc",438,8,10,8,8,10,6,7,8,8,9,10,8,5,8,10,10,10,10,7,10,10,8,10,10,9,6,8,8,8,10,10,7,10,9,10,10,10,9,8,9,7,7,7,10,10,8,7,6,5,7,7,8,3
"5dcddf9f4d51e40a5292727d",499,7,8,7,6,8,5,6,6,7,7,7,6,8,7,8,8,7,7,6,7,8,7,8,8,7,7,8,6,6,8,7,7,7,5,7,6,8,7,7,7,6,6,6,7,8,7,6,6,3,6,6,6,5
"5c838a63532afd001506fd34",377,7,8,7,6,8,6,6,6,7,8,8,7,6,7,7,8,7,7,6,9,8,6,6,7,7,6,8,6,6,8,8,8,8,7,8,8,7,7,7,7,6,6,5,7,7,6,7,6,7,5,4,7,5
"63792c65e92e706fdb44c08a",315,7,9,8,5,10,7,6,7,7,7,10,9,6,7,6,7,8,7,4,7,9,9,7,9,7,8,7,8,6,10,8,7,6,8,7,6,8,6,7,6,7,6,5,6,5,7,6,6,7,7,6,7,6
"57fa7cb856820500011011e3",355,8,8,7,8,8,7,7,7,6,8,7,8,7,7,7,8,8,8,7,7,9,8,8,7,7,8,8,7,8,7,7,6,7,7,8,8,8,7,8,7,6,8,7,8,8,7,6,7,6,7,5,8,6
"63ea510c7fe86bece094a857",334,8,8,6,6,8,5,4,8,7,7,7,5,8,7,8,8,9,9,7,8,9,6,1,6,8,5,8,7,8,9,6,7,7,6,8,9,7,8,6,7,4,8,5,8,8,6,7,7,6,7,5,7,1
"5d456ba83641d60001b67f25",482,5,7,5,3,8,3,6,3,4,6,7,3,4,6,5,7,7,6,5,6,5,4,5,4,4,4,4,6,10,6,5,1,5,4,5,5,3,4,5,4,3,5,10,3,4,3,4,5,1,4,6,4,10
"5bef322e52de3c0001c508e5",325,8,9,7,7,9,6,7,6,7,8,8,7,6,8,8,8,8,7,7,8,9,6,6,7,8,8,7,9,6,7,8,7,8,8,8,7,8,8,9,8,8,8,7,5,7,7,7,7,5,6,6,8,5
"607ae85910d1021d074aa602",513,7,10,9,10,10,7,8,9,9,10,10,9,7,9,10,10,10,10,10,10,9,7,10,9,9,9,9,10,10,10,8,7,10,8,10,10,8,9,9,9,8,9,8,9,9,8,8,10,7,7,9,9,8
"6062e6d11f8b0e3b045c53ee",481,10,10,8,7,8,6,8,6,9,10,9,10,8,7,10,10,10,10,7,10,10,10,5,10,6,9,7,9,6,10,9,8,9,6,10,10,10,10,10,9,7,10,6,9,10,8,6,8,7,9,9,9,3
"615f2d67574095fe86bfe619",328,7,10,6,7,10,5,6,9,7,8,9,9,7,8,9,9,9,8,5,8,10,8,8,9,7,9,6,9,9,9,9,7,8,8,8,9,7,7,8,9,7,8,5,8,9,7,7,8,6,8,3,8,7
"594fbff59d914e000136d13f",503,10,10,10,10,10,5,10,7,10,10,10,10,4,10,10,10,10,10,5,10,10,10,10,10,10,6,10,10,10,10,10,10,6,10,10,10,10,10,10,10,10,10,1,10,10,10,10,10,10,10,10,10,1
"5d9261e776e8dd00195f28f2",544,8,8,8,6,9,6,7,8,7,6,9,7,8,9,6,8,6,10,7,7,8,6,6,8,8,7,8,7,8,8,8,7,6,7,9,9,8,6,6,8,8,8,7,7,6,7,7,7,6,8,6,6,6
"5e95d94ae9eec903002c9578",446,8,8,10,5,8,5,5,9,10,9,8,9,8,8,4,7,10,10,5,8,10,7,7,7,3,8,8,4,10,10,8,6,10,5,4,10,4,5,8,8,5,10,4,8,8,6,5,5,3,6,3,6,5
"5cd96f8362a9dc0019cf4f67",353,5,9,5,7,7,6,7,8,8,6,9,8,6,7,7,7,8,8,6,8,6,8,7,7,8,8,9,7,5,7,9,6,8,8,8,7,8,7,7,7,8,5,5,5,9,6,3,5,8,7,6,7,6
"59a5ceaccdf3820001654951",270,6,9,6,7,8,7,7,7,7,8,8,7,7,7,8,7,8,9,7,8,7,8,8,8,7,8,7,8,8,7,9,6,8,7,8,8,7,8,7,8,6,7,7,8,8,7,8,6,6,7,6,8,9
"5e076921dc85350e8bd07ede",643,7,9,7,8,8,5,9,6,8,9,9,5,5,8,8,9,10,11,8,7,8,7,8,6,6,6,6,8,8,9,7,8,7,6,7,8,7,7,9,8,6,8,10,7,8,6,7,8,4,6,5,6,7
"5ac52d5768b65b00018d59b6",381,2,6,2,2,4,3,2,3,4,2,6,4,2,3,6,6,3,4,1,6,6,4,3,4,4,3,5,5,2,6,5,2,3,4,4,3,3,2,4,4,4,2,1,4,4,2,3,3,3,1,1,2,2
"5e8c74137677d50008dff1d5",850,8,7,9,8,9,4,9,6,7,5,8,9,4,8,9,10,10,7,7,8,8,5,7,7,8,6,6,6,7,9,8,6,7,9,8,7,5,8,5,5,7,7,6,8,8,4,7,7,3,6,5,10,3
"5f592fdfbd149c14ee299c15",506,8,9,8,7,8,5,7,6,9,7,8,8,7,9,8,9,9,8,8,8,8,8,9,8,7,8,8,8,8,9,8,8,9,8,8,8,10,9,9,8,6,8,7,8,9,8,7,6,7,8,7,9,6
"5c6dd812066f6b0001556ee1",281,7,8,5,9,8,5,8,7,7,8,8,8,5,8,8,8,8,9,7,8,7,8,9,8,7,9,8,8,8,8,8,7,7,5,8,8,8,8,7,9,6,8,6,7,8,7,7,7,4,4,7,7,5
"63039f78ad4f5025855f064e",565,7,9,2,9,7,2,9,2,7,8,10,7,5,8,9,9,8,10,9,9,8,8,5,4,3,5,3,7,8,9,9,4,10,7,8,8,8,7,9,8,3,10,7,8,9,3,6,5,6,3,2,6,7
"586c4a8be9cb31000195ea04",533,10,9,7,7,8,5,5,5,7,7,9,10,10,7,8,10,8,10,7,10,9,10,10,10,6,10,5,5,6,7,5,10,7,5,8,10,10,8,10,10,3,10,6,9,8,4,5,7,2,6,5,9,1
"5e35394d2149184e1a3d0450",429,8,10,8,7,10,7,8,5,8,7,10,7,4,7,6,9,10,10,4,7,10,7,10,5,5,9,6,10,10,10,9,5,9,5,5,8,6,7,10,7,5,7,8,9,10,7,10,8,3,5,4,7,10
"5a5e1ae68e6259000176271d",493,8,9,6,4,10,7,8,6,8,7,8,9,8,9,9,8,9,10,7,10,8,8,6,9,6,9,7,6,7,9,8,6,8,8,7,10,9,8,8,8,8,9,6,8,9,6,6,7,5,6,5,8,6
"601a86dd7ac4f02ca520ef38",419,9,10,8,10,10,5,7,10,9,8,9,8,7,9,9,9,10,10,6,10,9,8,7,10,8,10,9,8,6,10,9,8,7,10,8,10,8,9,8,8,5,9,8,10,10,7,6,6,8,6,5,10,7
"6128279b17af1258eba39ada",261,10,10,10,10,7,10,8,10,10,10,10,10,10,10,10,10,10,10,10,10,10,10,10,10,7,8,10,7,10,10,8,10,10,10,10,10,10,10,10,10,10,10,10,10,10,10,10,10,6,10,10,10,10
"5c461f5e8bb6fd000164649e",228,8,8,7,6,10,5,8,6,6,9,8,9,8,9,7,8,9,9,9,9,9,6,5,4,5,8,8,8,8,9,5,6,8,6,7,9,6,8,8,8,5,8,9,8,4,7,9,9,8,6,8,7,6
"61688a9c2001fcaaee297613",387,8,9,7,9,8,5,7,8,6,8,8,8,8,7,8,9,8,8,6,9,8,9,8,7,7,7,7,7,9,9,7,6,8,8,8,8,7,8,6,8,6,4,5,7,8,8,7,6,5,6,7,7,6
"5b801003328e3b0001cc5788",667,7,10,4,10,9,3,8,8,6,8,9,8,10,9,10,9,10,10,9,10,8,10,8,9,2,8,8,10,9,10,10,5,8,3,10,10,8,8,7,9,3,5,7,8,10,6,3,7,1,8,5,9,1
"5eee87f13994e73429924805",393,10,10,6,5,10,5,10,7,10,8,10,10,4,5,10,10,10,7,4,10,10,6,6,11,10,6,10,5,10,10,6,6,10,10,10,7,10,10,10,10,6,5,3,1,10,10,10,10,10,5,5,6,5
"6401e207cf555945437299af",511,6,10,6,7,10,5,6,7,5,10,9,7,7,8,7,8,9,9,5,8,8,9,6,8,7,9,7,8,8,10,10,5,10,7,9,9,8,7,7,7,6,9,5,7,10,8,6,6,3,7,1,8,5
"5aeaeef326e9c60001fbd22b",330,5,7,7,5,10,4,5,5,8,7,5,6,6,6,8,8,10,8,4,6,5,5,5,6,5,7,5,6,7,7,6,4,5,6,5,5,8,6,5,5,9,7,6,5,7,5,6,5,5,6,3,8,7
"604c5ff80862dbf0bfe4caac",374,8,8,4,5,9,5,8,3,7,8,8,6,6,6,6,7,7,7,7,7,6,7,6,8,5,7,4,8,10,8,7,5,8,6,8,8,2,8,7,9,5,9,7,8,8,7,9,5,3,8,6,9,7
"615b1940d7d710ba9d92e9e0",353,8,10,7,9,10,9,7,8,8,10,8,9,9,9,10,10,10,10,7,10,10,9,8,10,9,10,9,10,8,10,8,7,8,9,10,10,9,10,10,9,9,10,7,8,8,8,7,8,6,7,7,10,7
"5de191fe98e7951fbf0f8c6c",343,9,8,10,9,10,4,8,8,5,8,9,8,9,8,8,10,10,10,10,5,9,10,10,6,5,10,10,10,10,9,7,7,9,8,10,7,7,6,10,8,8,8,10,8,10,5,10,9,2,7,10,7,10
"5f8f436e4676a71879786b95",283,9,10,10,9,10,6,8,9,10,10,10,8,8,10,10,10,10,10,9,9,10,9,10,9,9,9,9,9,9,10,10,10,10,10,10,10,10,9,10,9,10,9,7,8,10,9,8,9,6,8,8,10,6
"5989b85ce684850001dfe29c",367,8,9,5,9,5,3,10,6,6,10,10,10,10,9,10,10,10,9,8,6,10,10,10,10,8,10,6,10,3,10,7,6,10,5,10,10,10,6,10,10,4,10,8,4,10,6,7,8,2,5,7,7,5
"5ce9761ed439ae001a596488",274,7,9,7,7,8,5,6,7,8,8,8,8,4,7,10,10,9,9,4,10,9,6,6,8,7,7,7,7,7,9,7,6,8,8,6,9,8,7,9,8,8,8,5,7,6,6,5,5,6,6,6,7,10
"5ab80649e1546900019b6ca1",313,8,7,7,7,5,3,6,5,5,8,6,6,6,6,7,9,9,8,7,7,7,7,5,7,5,7,7,8,8,7,8,5,7,5,8,8,6,8,8,7,5,7,5,8,8,6,5,5,3,3,4,6,6
"647b06286361b427361fced5",471,8,8,6,8,8,6,6,6,7,8,7,7,6,7,6,8,8,9,6,7,8,9,7,8,6,8,7,8,8,8,8,7,8,7,8,8,8,8,8,7,5,8,7,8,8,7,7,5,3,7,7,8,4
"60eeb6c443b72d9a0933efe1",365,8,9,7,8,9,6,7,7,8,9,8,10,8,8,10,8,9,7,6,8,10,10,9,8,7,10,8,8,8,10,8,9,9,6,9,8,8,8,8,9,9,8,8,8,8,8,8,6,8,8,9,8,7
"5874022fa763c900011d9ab7",291,8,10,8,6,10,7,8,6,8,8,8,8,7,8,10,10,8,8,4,10,10,7,2,8,7,8,8,7,10,8,8,7,8,8,10,10,7,8,8,8,8,4,7,8,6,8,7,6,7,7,7,8,10
"6318acc6273e916b39a95a85",446,7,9,7,7,10,6,8,8,7,8,8,6,8,8,7,10,10,9,7,10,7,6,6,10,7,8,6,9,10,9,9,7,5,9,8,9,7,8,8,7,7,7,8,9,7,5,6,8,4,7,6,9,9
"5d5d408434988d000117b2c7",387,10,10,10,10,10,3,10,10,10,10,10,10,10,8,10,10,10,10,10,7,10,10,10,10,10,10,6,10,4,10,7,5,10,3,10,10,8,10,10,10,8,10,10,10,10,6,3,10,4,3,10,10,4
"5a0dbc9e9b760100013a7857",428,9,10,8,8,6,6,6,7,9,10,8,9,7,9,8,9,9,10,7,9,10,7,7,9,6,9,6,7,8,9,7,7,8,6,8,8,7,9,10,8,6,7,8,6,9,8,8,6,6,6,6,9,5
"6419db97c911c12d6dacdca1",827,7,9,6,7,8,5,7,6,4,8,6,8,7,6,8,7,7,10,7,7,8,7,6,8,7,7,7,6,6,7,7,6,7,5,8,7,7,8,7,7,5,7,7,5,6,7,7,6,4,7,5,8,5
"5ea2d7ffa288a5046841a874",655,8,9,6,6,9,7,6,7,7,9,10,8,5,9,10,8,9,10,7,10,9,6,10,7,7,9,4,9,8,9,7,7,6,7,9,8,7,8,10,8,6,9,7,8,7,5,5,7,3,7,5,8,6
"64730850e5f4a7b6b71fc40a",738,8,9,6,9,7,6,7,6,8,8,9,8,6,7,9,9,7,8,8,9,9,7,6,9,10,8,7,8,7,8,7,7,8,6,8,8,7,7,9,8,8,8,5,8,10,8,6,6,6,8,7,10,5
"644016d98e4c23d7fa37632e",486,5,8,3,4,7,3,3,4,6,10,9,5,5,8,8,8,8,5,6,9,8,5,1,3,6,7,1,6,10,8,8,1,6,6,2,7,6,6,8,4,3,6,7,4,7,4,1,3,1,5,5,4,5
"5c57113cfcbb880001fcfc6d",393,6,8,6,8,7,7,6,6,6,8,7,7,6,7,7,7,8,8,8,7,7,7,7,7,6,7,6,6,7,9,6,7,9,6,7,7,8,6,7,7,6,8,6,6,8,6,6,6,6,6,6,7,6
"60c37e34e52fe776b87af876",337,7,10,6,5,7,6,6,6,8,9,8,6,8,8,7,10,8,10,7,6,9,8,7,9,7,8,8,10,6,7,8,6,6,6,7,7,8,8,5,7,6,10,6,5,10,6,6,6,5,6,6,6,5
"6500614200c051956eb62f7d",871,8,9,7,8,9,7,7,8,8,8,8,6,7,9,7,8,9,9,8,8,7,8,8,8,9,8,8,8,9,8,8,8,7,8,7,8,8,8,8,7,6,7,7,8,10,7,8,9,5,8,8,9,8
"6417204b9bdbbcad11764194",304,10,10,8,7,10,6,7,8,9,6,7,8,7,10,8,10,9,10,8,8,8,9,4,8,9,9,8,8,6,10,6,8,9,9,8,9,9,8,8,7,8,8,7,9,7,8,7,7,8,6,6,8,5
"5efc5e474044a22269dbb5cf",448,7,9,6,8,8,5,6,7,7,8,7,8,9,6,10,8,8,9,6,9,8,8,8,7,7,7,7,7,6,9,7,7,8,7,8,8,7,9,10,8,7,6,5,7,8,7,5,7,5,7,6,8,4
"6235d96c087939dba5586d97",335,7,8,6,7,8,6,7,7,8,7,8,9,8,7,8,9,8,9,6,8,9,9,7,9,7,9,7,5,6,10,7,8,8,6,8,9,8,8,8,8,7,8,6,7,10,7,5,7,5,7,7,8,6
"60f019e4eb8c7af980c92eb9",668,10,10,7,8,8,9,10,7,9,10,9,6,10,9,10,10,10,10,4,9,10,7,8,7,10,7,10,10,8,10,8,9,10,9,8,10,9,9,10,9,10,10,3,7,10,7,10,10,10,7,6,8,4
"6110f4896dea29a375c227a8",419,9,8,7,10,10,4,5,8,9,10,10,5,7,9,10,9,10,8,8,10,9,4,7,9,9,6,9,7,3,10,10,10,6,5,9,10,10,8,9,8,8,9,7,7,4,10,5,7,7,10,8,8,4
"641188f9dc73922c4fcabd1f",520,9,10,8,9,9,6,8,9,8,9,10,9,8,9,9,10,10,10,9,9,9,9,6,9,8,9,6,10,7,10,9,7,8,7,9,9,10,9,9,9,6,10,9,8,9,5,8,9,8,5,7,10,5
"61593440da86ba1d2f0cd338",420,10,10,8,9,8,6,6,8,8,10,10,10,9,9,9,10,10,8,6,9,9,9,8,8,8,9,10,9,10,10,8,10,10,9,8,9,9,10,9,9,8,9,7,8,9,8,6,8,5,5,5,8,5
"5ea03f29271c1b0124707b36",465,9,6,7,8,9,6,8,9,9,9,9,8,5,10,9,9,10,10,7,10,10,9,9,7,10,8,9,8,9,8,9,10,8,8,10,10,8,8,9,10,8,8,4,7,10,8,6,8,7,5,9,9,5
"6140f89d1e3eb6c838729c12",316,3,3,7,5,3,2,6,6,8,5,4,8,5,7,5,8,3,5,3,3,3,3,8,4,4,3,4,3,10,8,6,7,3,7,8,5,6,4,4,3,4,1,6,10,8,5,4,6,3,3,7,8,5
"5e1cf0eb65b6d3071f489de9",359,6,7,5,6,8,3,8,5,7,7,7,9,5,7,8,8,8,7,5,6,8,9,7,9,7,9,5,6,6,7,6,6,5,4,7,7,8,5,6,6,5,6,7,6,7,5,5,4,4,5,6,7,5
"5ec7ad7362fff702b7c8c8fd",318,10,10,5,7,8,5,9,5,8,7,8,8,5,6,9,8,10,9,6,7,7,7,8,9,5,8,5,3,7,9,10,8,7,5,7,9,7,8,7,8,3,8,7,8,9,7,7,6,4,5,6,8,5
"5d1b98290f75e10019be9f9f",519,8,9,8,8,9,6,6,7,9,8,8,7,7,8,9,10,10,9,8,9,9,7,9,5,8,8,6,9,10,9,8,8,8,8,9,8,8,8,9,9,6,9,8,7,10,8,6,8,4,6,4,8,6
"62ecfac8d1c1158dc58000b4",440,9,9,6,4,10,5,6,8,8,8,8,7,6,8,9,8,8,8,6,8,10,6,6,9,7,7,9,8,3,8,8,8,8,9,9,9,10,7,6,7,9,8,5,7,8,7,9,8,5,9,4,8,2
"607f179ab5b13c7618778498",432,8,7,6,6,7,6,6,7,7,7,7,6,7,7,7,8,7,7,6,7,6,7,7,6,6,7,6,6,7,8,7,6,7,7,6,6,6,6,7,7,6,6,7,7,7,6,7,7,6,6,6,6,7
"5b2e953a1d2f710001fb3ccd",496,10,10,7,8,10,6,6,7,8,10,9,8,8,7,10,10,10,9,7,10,10,10,6,10,7,10,7,10,10,9,8,8,8,10,6,10,8,10,8,9,8,8,4,6,10,8,6,4,8,8,7,10,6
"611028996b54c60f34f97189",485,8,10,7,10,10,7,7,7,8,10,9,8,8,8,10,10,10,10,9,10,10,9,10,9,8,7,8,10,10,10,9,8,9,9,9,10,9,9,9,9,9,10,8,8,10,8,9,10,6,9,7,8,8
"5e365d9b5a41125ed41a98d3",594,8,8,6,8,8,6,7,8,6,8,8,8,6,7,8,8,8,8,7,8,8,8,7,8,8,8,7,8,7,8,6,7,7,6,8,7,7,9,8,8,6,6,6,7,10,7,7,7,8,7,9,8,7
"5f2ad38d10d1d33c69102a79",467,5,8,5,7,8,5,5,6,6,6,10,5,5,7,7,8,8,8,6,6,9,7,7,7,5,7,5,5,5,9,8,5,5,5,7,8,8,5,5,7,5,10,6,5,8,5,7,9,4,5,7,7,4
"63d7a011d41c0f1997b905cb",264,8,8,8,8,8,7,8,8,8,7,8,8,7,8,9,9,8,8,9,9,9,9,8,9,8,8,8,2,7,8,8,7,7,9,8,8,9,7,8,8,7,8,4,7,9,8,7,8,1,7,5,8,6
"555a3e90fdf99b10ecc8713a",400,7,8,6,6,8,6,7,6,7,8,7,7,5,7,8,7,8,8,6,7,7,6,6,7,7,7,7,7,9,7,8,6,8,8,7,9,6,7,8,7,7,7,6,6,6,7,6,6,4,5,4,8,5
"63d7a39f4ee6dcab794fe85a",303,6,9,6,8,5,3,4,6,3,6,6,6,6,5,7,9,9,6,5,7,8,4,9,4,7,5,5,6,8,9,4,7,8,6,6,7,5,6,8,6,6,8,7,4,7,6,3,6,2,3,7,7,5
"60ce1bb05ba62827bfaa0ad3",327,8,10,6,8,10,4,7,7,10,8,10,8,6,8,10,10,10,7,5,10,10,7,10,8,7,8,6,10,8,8,8,6,8,7,10,10,8,9,8,8,6,7,5,8,10,6,10,7,1,6,5,10,5
"64838ef95ad85aec635e640a",535,5,10,6,5,8,5,5,6,6,7,9,8,6,8,7,8,8,8,7,8,8,8,7,9,5,9,7,8,6,9,5,6,5,7,5,7,7,6,7,8,7,6,8,7,6,6,5,7,5,6,7,9,9
"5d29a65b5b3b1f001aaaf6e3",412,6,8,4,8,9,3,3,6,8,7,7,7,6,7,6,9,10,9,6,9,7,6,9,7,7,7,8,3,9,8,3,6,5,4,5,7,8,6,6,9,9,6,2,7,9,4,6,6,5,5,2,7,2
"5e81f1279e9c32000b02d15e",324,6,8,4,6,8,4,5,5,5,8,5,6,8,7,8,8,8,8,7,8,8,7,4,9,5,8,7,6,4,8,6,8,8,4,7,7,4,7,8,8,7,8,7,8,8,7,5,7,4,8,4,8,5
"6300a4ba3c484063a99e9785",491,9,10,8,10,9,9,7,8,9,10,9,10,7,8,10,9,10,10,10,10,9,10,8,10,8,9,10,8,8,10,9,10,9,8,10,10,9,10,8,10,8,8,6,9,9,9,8,10,7,8,8,10,4
"5c7c38999f29bd0001349ca9",267,5,7,7,4,7,4,5,9,4,8,7,5,5,7,8,8,6,4,5,9,7,4,6,7,7,4,6,9,10,8,5,4,5,7,4,10,8,11,5,7,9,8,10,9,9,5,6,4,5,9,2,4,5
"5fcead109898cb1466641f65",424,3,7,5,6,7,5,5,7,4,6,6,5,6,6,6,7,5,6,4,4,7,6,7,6,4,4,6,4,7,6,7,5,6,6,4,3,4,4,5,6,3,4,5,5,4,5,4,5,5,4,3,5,5
"6346894bf6093bab163c107b",393,7,8,9,6,5,3,4,4,5,6,8,4,4,7,8,8,7,7,4,6,7,4,7,7,5,4,4,7,6,7,7,6,5,7,6,8,6,6,8,8,5,4,4,7,9,4,4,4,3,3,3,6,3
"61168dfffe0f2c2f697d117c",334,5,10,6,10,10,4,10,6,6,8,10,6,5,7,10,10,10,7,10,10,6,5,10,7,6,8,7,7,10,10,10,5,10,7,10,7,7,6,7,7,7,7,8,6,10,5,6,4,3,4,3,7,5
"62fb801ab8888b38a60b0700",527,5,8,7,6,7,5,6,6,7,7,6,6,5,6,8,8,8,6,5,7,7,7,5,7,7,7,5,4,5,7,7,6,8,6,8,6,6,5,6,7,4,6,6,7,8,6,6,6,7,5,3,6,3
"56153d5e7ffc8a000a811ba8",309,10,10,10,10,10,5,7,8,7,10,10,10,7,7,10,10,10,10,7,10,10,10,10,10,10,10,10,10,10,10,10,10,10,7,10,10,10,10,10,10,10,5,6,8,10,6,6,10,7,6,10,10,5
"5b98c8c1db823b0001ef5842",377,8,9,8,9,8,9,8,9,8,9,7,9,8,8,5,8,8,7,10,9,10,9,8,9,10,10,8,10,8,10,7,6,9,8,7,9,9,10,8,7,7,9,8,9,9,7,8,8,9,9,9,10,9
"601b0712b0701c46459aab27",507,5,9,8,7,10,5,5,7,5,9,8,9,8,8,8,8,8,9,8,9,7,8,8,8,5,7,8,8,5,9,7,5,10,5,9,9,9,8,7,8,5,9,4,8,10,8,6,6,5,9,4,5,5
"6148a15571fc73becd361f1b",415,8,10,9,6,10,7,8,6,7,8,9,9,5,7,8,9,10,9,8,8,9,7,6,9,7,8,6,9,9,9,7,8,7,7,8,8,7,6,7,7,7,6,6,7,6,7,6,6,7,7,8,7,4
"60be1a0b518652cbd71e0cb4",178,10,10,9,10,10,10,9,10,10,10,10,10,10,10,10,9,10,10,10,10,10,10,10,10,9,10,10,10,10,10,10,10,10,10,10,10,10,10,10,9,10,10,10,7,10,10,7,10,10,8,10,10,10
"5c47a4199b931f00010cd8ba",666,9,10,6,9,10,8,9,7,8,10,8,8,5,8,10,10,10,10,7,9,9,10,9,8,7,7,7,10,7,10,9,7,8,9,9,10,9,10,9,8,10,9,5,10,9,7,10,8,5,8,7,8,7
"5bd60bf95f437a0001a2c6c6",648,8,9,9,8,9,3,6,8,6,9,8,7,5,7,8,8,8,9,6,8,9,8,8,8,7,9,8,8,8,9,8,7,4,7,9,9,9,7,5,9,7,6,8,6,9,8,6,7,4,4,8,8,7
"5b2973a08c745200013b84ae",431,8,9,7,8,7,5,8,5,9,10,10,8,6,9,9,10,9,10,8,9,10,8,10,8,5,8,5,7,6,10,5,7,10,9,10,9,9,9,9,8,7,10,10,7,10,7,5,9,4,5,8,9,5
"63e52faa806dbd106b3a20ae",878,8,10,8,7,6,3,10,6,6,10,8,8,7,8,10,7,8,10,3,8,10,10,8,8,8,7,8,7,8,10,6,7,10,7,10,8,10,10,7,8,7,5,4,6,10,8,7,4,8,8,7,7,8
"632b63afb2925ec0b40d0f3d",520,7,10,9,7,9,6,7,10,6,9,9,10,7,8,9,10,9,10,7,9,9,10,7,10,9,10,8,8,7,9,7,8,10,9,9,4,6,9,6,5,5,7,4,5,7,8,5,7,4,4,6,9,8
"6106fe8deb3e5430b6410721",407,6,7,5,6,5,5,5,5,7,7,7,7,5,7,8,8,8,8,4,7,8,6,5,7,5,5,6,5,6,8,6,7,6,5,8,10,7,7,8,8,6,7,5,7,7,6,5,6,5,6,5,5,5
"5be1b727c825cd00017af369",471,8,9,5,7,9,5,5,8,7,7,8,7,7,7,7,9,8,8,5,8,8,7,7,8,5,8,5,8,5,7,8,6,6,6,7,9,7,7,8,5,7,7,5,6,9,8,5,5,6,5,5,6,5
"5e7d2f16e863ba0d96dc610f",422,9,9,9,8,5,5,4,7,8,7,5,6,5,5,8,10,10,2,1,5,8,7,10,5,4,7,6,5,8,9,8,5,7,4,5,8,3,8,8,8,5,8,5,5,10,6,9,7,5,7,3,7,2
"5979c3e92ef10300019af054",530,7,8,6,7,7,5,6,6,6,5,6,7,6,7,7,8,7,7,7,8,8,8,5,6,7,7,7,5,7,8,6,7,7,5,8,7,8,7,5,8,7,5,5,5,7,7,5,6,5,7,5,8,5
"59df97d2be399f0001e49850",336,9,8,9,10,9,5,8,7,8,10,9,9,7,10,9,10,9,8,8,9,10,7,8,8,7,8,7,9,9,8,6,8,8,7,10,6,10,9,10,7,9,8,10,8,10,7,5,9,4,9,9,8,9
"57f66d2a1636b20001364f87",610,9,10,6,8,9,5,8,8,10,10,10,8,4,10,10,10,10,9,7,10,10,8,9,9,9,8,8,10,7,10,8,4,4,4,9,9,8,8,8,10,4,10,9,10,10,7,3,10,2,4,5,8,7
"650061122c887036cb80f227",649,8,10,7,10,10,4,5,1,4,8,5,7,5,7,10,7,8,7,4,5,10,5,7,7,7,7,9,8,5,8,8,5,5,8,8,8,7,7,8,8,8,5,6,8,10,5,5,5,5,5,4,10,4
"60fd211282635f9c32999d53",349,5,6,5,6,8,5,4,6,8,8,5,9,5,6,6,7,9,6,4,5,7,7,5,9,5,8,5,5,6,6,5,6,4,5,9,6,7,6,6,7,5,5,4,5,6,6,4,5,5,6,5,6,5
"5b7574927b4cff000177d2e0",489,7,8,6,5,8,6,6,7,7,8,8,7,8,6,7,8,8,7,4,8,7,6,4,7,7,6,7,8,10,7,7,6,7,6,8,7,8,6,5,6,7,7,6,6,8,6,7,7,5,6,6,8,7
"5d651665cad1a9001839839d",353,8,10,7,8,9,8,8,8,7,9,9,8,7,8,8,9,9,9,8,8,8,8,9,8,8,8,8,10,8,9,7,8,7,8,8,10,10,8,9,8,7,8,7,8,9,8,8,8,7,7,6,8,9
"63038016bd8a91f9efd36b25",341,6,9,8,6,10,4,8,5,10,10,10,7,7,9,10,9,10,10,7,10,8,6,8,8,8,6,9,10,10,9,10,7,8,10,8,10,10,7,8,9,8,9,8,10,7,6,10,7,3,5,7,8,7
"5c0f6121a166d700013881ec",461,7,7,7,9,8,5,8,5,6,8,8,6,7,4,7,8,7,5,5,6,5,9,9,6,7,6,6,6,10,8,8,6,5,8,7,6,6,7,3,9,6,8,5,6,10,5,6,5,4,5,6,5,5
"5cb24ee57a55ff00168880b3",568,7,10,8,8,8,4,7,7,8,9,8,8,8,8,9,9,9,9,7,9,9,7,8,8,8,8,8,8,8,8,8,6,8,8,8,8,8,10,9,8,7,8,8,9,8,7,7,8,4,7,7,8,7
"5ea925adf0ff0739ccf94b45",453,7,10,6,10,9,4,7,8,9,9,6,7,7,9,10,10,10,10,3,9,10,8,9,10,8,8,7,10,10,10,8,4,3,10,10,10,9,10,10,7,9,10,8,6,10,7,9,8,8,9,6,9,6
"5e77e5cd23ab77079e09851a",255,9,6,8,8,10,6,4,10,5,7,8,8,7,9,8,10,9,6,9,7,6,10,8,8,5,6,9,10,9,10,8,8,9,2,5,7,9,10,10,6,6,7,10,10,10,9,8,9,6,9,10,10,10
"5eb14721851de422a444eb82",645,8,9,6,9,7,6,8,8,8,9,10,7,8,9,10,10,9,8,9,8,10,9,8,10,6,8,7,6,8,10,6,9,9,8,9,9,9,9,8,9,6,9,7,8,6,10,4,9,6,7,7,8,6
"5da09f733c3367001a72dec6",321,7,7,5,6,9,5,6,7,7,9,8,8,6,6,7,7,9,9,4,8,9,7,8,9,7,7,8,8,7,8,9,6,8,7,5,7,8,5,7,8,6,5,5,6,5,8,7,7,6,7,3,6,7
"5964f6f6a670a100019423e3",430,7,7,5,5,7,5,5,5,5,6,10,5,9,5,6,7,7,7,5,8,8,6,8,6,5,6,5,5,10,7,5,6,7,6,5,7,5,5,5,10,5,5,5,7,8,7,5,5,4,10,5,10,5
"5ea040075511b505cf6ec1eb",703,7,10,10,8,9,6,9,9,10,10,10,10,8,10,10,10,10,10,9,10,10,7,10,10,9,9,8,9,10,10,10,7,10,8,9,9,8,10,8,8,7,8,10,10,9,9,9,9,5,8,5,8,7
"60ff262e247d3041dc2c35af",477,6,8,7,6,10,6,7,6,7,7,9,9,9,7,7,9,9,10,7,9,8,9,8,10,6,8,6,8,8,8,9,6,8,7,9,8,8,7,7,7,6,8,9,8,9,6,6,6,6,6,7,7,6
"60f68b570ae2316894fb0a51",406,7,8,7,8,7,4,7,7,4,9,10,8,7,10,7,9,10,9,7,9,8,8,9,9,8,8,7,10,8,9,6,5,8,8,7,9,10,8,8,8,4,10,6,8,8,7,4,7,4,8,6,7,7
"5bead3d3feaa4a000164c40c",647,8,8,7,10,8,9,11,10,10,8,9,8,8,9,9,9,10,8,7,9,8,8,8,8,8,7,8,7,9,10,8,8,9,7,9,8,9,8,8,9,8,8,7,8,8,9,7,6,6,7,6,9,6
"5f312467ab23865a8d29d0be",713,8,9,7,10,8,5,10,6,7,8,8,10,7,7,10,5,10,8,10,10,9,7,8,8,6,8,7,6,7,10,10,7,10,9,10,10,9,8,10,8,7,10,6,8,9,8,10,8,6,8,7,9,5
"5b11c07c1e55760001b9de62",337,6,8,7,5,10,6,8,5,9,10,7,10,7,7,9,10,10,8,7,9,9,8,8,8,6,10,8,9,10,10,10,5,7,7,10,6,5,6,8,8,6,7,7,8,9,10,8,8,3,5,5,10,4
"5eb326b506340e120aa20780",477,9,10,8,8,10,5,10,7,9,10,10,9,7,8,8,9,10,10,10,9,9,9,9,10,7,10,8,10,10,10,10,6,9,9,9,9,10,8,9,9,8,9,8,9,10,8,9,8,5,4,8,8,10
"6447a139279328548ceda96d",333,7,7,6,6,8,4,7,6,8,9,8,7,8,7,6,8,8,7,7,8,6,8,7,7,8,7,7,8,9,8,7,5,6,6,6,8,8,7,7,7,6,8,8,7,8,7,6,6,4,4,6,7,6
"5f32fa63575cf50db8d2cc90",305,9,10,7,6,6,10,10,7,8,5,9,7,5,8,7,6,10,9,4,10,10,6,10,10,6,10,6,7,5,9,6,8,8,5,8,6,7,8,10,7,5,5,4,10,1,6,8,8,5,6,4,6,4
"5f522c40069004482b3af322",389,6,9,5,6,6,7,6,5,3,5,8,6,6,7,6,9,5,6,6,7,5,7,4,4,7,6,6,6,10,7,7,6,9,5,7,5,4,8,3,8,5,6,10,6,4,4,6,5,4,5,6,4,8
"644183766b1387e7b9a7b428",397,8,9,8,7,10,6,6,8,8,9,9,9,7,8,9,10,9,10,8,8,9,7,8,9,8,9,7,8,8,9,8,7,8,5,8,9,9,8,7,8,7,9,4,8,9,7,6,7,5,7,6,7,6
"62b08b2d06aeea6fb395bd6b",266,7,8,7,7,8,6,5,7,7,8,7,5,6,7,6,8,8,8,7,8,8,6,7,7,6,7,6,7,7,8,7,6,6,6,7,7,8,8,7,7,6,6,7,8,8,8,7,6,6,6,6,7,6
"61364d250433ee40764f71b4",457,8,9,6,5,10,8,10,5,5,8,8,7,5,8,5,8,5,8,5,10,7,5,5,5,7,7,4,7,10,6,9,7,7,8,5,7,5,5,7,5,5,9,6,5,5,7,9,3,2,5,1,5,8
"5ea6295c2c39b16355a6bbac",316,10,10,7,9,8,5,5,5,8,5,9,6,5,7,8,10,10,7,5,8,8,6,6,8,7,7,8,6,5,10,5,6,6,6,10,8,8,5,6,8,5,7,5,5,10,7,6,5,5,6,5,9,7
"6500650345493188af3f70f9",531,8,10,10,10,8,5,10,5,10,10,5,8,10,5,8,10,10,9,8,8,10,10,8,10,5,10,6,6,1,10,8,10,5,6,10,10,8,8,10,10,10,10,6,5,10,10,1,8,5,5,8,8,1
"6452cc2bd7ea86957cae0411",435,9,10,7,10,9,3,6,7,6,9,9,7,8,8,10,9,8,8,7,8,6,6,7,7,7,8,5,9,8,9,10,7,8,8,9,8,9,7,10,9,5,10,7,5,8,7,6,8,6,4,4,6,9
"5f57fd0328b04b3489d452e9",436,8,8,6,7,7,4,3,8,10,4,7,9,10,8,8,8,8,7,4,8,10,7,8,8,9,9,6,3,3,9,5,3,8,4,7,6,5,8,7,7,8,6,4,4,9,7,5,5,3,6,7,9,7
"6109907b6f1fe1d30a251e7e",282,9,10,9,9,9,5,7,8,7,9,8,8,8,8,8,7,8,8,7,8,8,7,8,8,7,8,7,9,6,8,9,6,7,9,7,8,9,7,9,8,6,4,7,8,7,8,8,8,9,6,9,8,7
"62ea814597e4669c86d1eb46",315,7,6,7,9,7,7,6,5,7,8,6,8,8,5,9,6,7,7,6,9,6,4,6,8,4,7,8,7,7,8,6,7,5,7,5,6,7,7,6,5,9,8,9,7,7,9,9,8,7,8,5,6,4
"6038e27cb97f853029eb964d",476,5,10,7,5,10,3,7,6,7,10,8,4,7,7,9,9,10,9,8,9,10,5,8,7,7,9,8,8,10,10,9,6,7,8,9,10,8,9,6,8,7,11,10,6,10,6,4,5,4,5,7,8,8
"5c64981ca98f0700010f8c81",405,7,8,6,7,8,6,7,6,7,7,8,7,6,7,8,8,8,9,6,7,8,7,8,7,6,8,7,8,7,8,8,6,8,7,8,8,8,8,7,8,7,8,7,7,9,6,8,6,5,6,6,6,7
"5ec1a8025e21485d7d985fce",352,10,10,10,10,10,10,5,10,10,10,10,10,10,10,10,10,10,10,10,10,10,10,10,10,10,10,10,10,10,10,10,10,10,8,10,10,10,10,10,10,8,10,5,10,6,10,4,10,8,5,10,10,10
"636a4ee9e3b42b6f65bf5032",309,7,8,5,5,10,5,5,5,5,9,8,5,5,7,7,7,7,6,8,8,8,7,7,7,7,6,5,5,8,8,7,6,7,6,6,8,7,6,5,8,5,8,6,6,8,6,5,6,5,5,2,5,5
"5b2accc228c8850001e7f85b",336,10,10,8,7,8,6,9,9,9,9,10,6,9,10,9,9,9,9,9,8,7,7,9,6,9,5,7,9,8,9,9,6,7,7,8,10,9,8,10,10,6,9,9,10,9,7,7,9,5,6,6,8,7
"5d99ad970bb27d0018b0d2d0",231,10,9,8,10,9,9,9,9,9,9,9,9,9,9,9,9,9,9,9,9,9,9,9,9,9,9,9,9,9,9,9,9,9,9,10,9,9,9,9,9,9,9,9,9,8,9,9,9,7,9,9,9,9
"55a1321efdf99b6ec83c214e",339,7,9,3,7,8,4,5,5,5,8,9,4,5,8,7,8,8,9,9,4,5,6,7,6,5,8,6,7,10,7,9,4,8,5,9,7,4,6,7,9,4,6,7,8,8,3,7,6,3,5,5,6,8
"6297560d968633ad5b83b745",540,7,8,7,8,7,5,3,6,7,8,6,7,6,8,7,8,8,9,7,8,8,7,8,8,7,7,7,6,7,8,8,7,9,7,8,8,8,8,7,7,6,8,6,7,9,7,5,6,4,3,6,8,5
"611adf7c7e7be43825a0676a",425,7,8,7,6,6,5,6,8,5,7,7,8,10,7,7,8,7,10,7,8,7,9,6,9,6,9,7,6,6,8,5,7,7,5,8,7,7,8,7,7,5,7,6,7,5,6,5,6,6,6,7,8,5
"62cd9b574168d35f624d1ed7",457,6,9,9,6,10,8,8,8,8,7,9,8,9,6,8,10,8,7,7,10,5,10,1,7,7,8,7,8,8,9,8,10,8,9,10,7,8,10,9,10,8,9,4,7,5,7,6,7,8,7,7,9,6
"5a491f5c1950a80001e7d0b6",317,7,10,5,5,10,6,9,4,4,8,10,3,6,6,6,8,10,6,4,9,7,3,8,7,4,5,4,5,10,8,8,4,8,9,7,7,6,2,8,8,2,7,9,8,8,6,8,5,2,1,3,3,6
"59857b9e0e411a0001d83173",493,7,10,6,4,7,3,7,5,8,9,9,7,4,8,6,8,9,10,7,10,8,8,9,9,8,8,7,9,3,10,6,8,9,6,7,10,5,6,8,7,7,9,6,7,7,6,8,9,5,6,6,9,4
"5e53d6b66f57433de3d50ba8",397,5,8,6,8,8,5,7,7,5,7,8,7,8,6,9,7,8,7,6,7,8,8,8,8,6,7,5,7,8,6,6,5,8,6,8,5,5,8,5,6,4,8,5,7,9,8,6,6,4,6,7,7,4
"5fc756cec5e5121fdadfb230",493,7,10,7,3,10,7,6,8,8,8,10,9,5,8,8,8,8,8,7,8,9,8,10,10,8,9,8,9,10,9,6,8,7,8,6,5,7,8,7,7,6,8,7,8,8,6,7,7,4,7,5,7,10
"5c4a1c1cbd42830001dbb540",356,7,4,9,6,7,6,7,3,8,5,7,8,8,10,7,7,6,5,6,8,9,10,5,8,4,10,7,9,4,7,9,8,6,6,4,7,10,8,7,8,9,6,3,6,7,7,5,7,3,6,4,9,1
"5b22507515a3250001f0ad78",426,6,9,7,9,10,6,7,6,9,7,8,6,6,8,7,9,9,8,7,8,8,7,9,7,7,7,9,7,8,8,6,7,8,7,9,8,7,8,8,8,7,7,5,8,9,6,3,7,4,6,6,8,6
"640a0d99256fc2401b1c122f",483,8,10,7,7,10,5,8,8,9,9,9,6,9,9,9,10,10,10,8,10,9,7,8,9,8,8,9,9,9,10,8,7,10,9,9,8,8,9,8,9,9,4,7,8,9,7,5,8,5,5,5,10,5
"63eba1b8f523bde1f32b6c1c",601,10,10,10,10,8,8,7,10,10,10,10,10,10,10,10,10,10,9,10,10,10,10,10,10,10,10,10,10,8,10,8,10,10,10,10,10,10,10,8,10,10,8,5,10,7,10,7,10,8,10,8,10,6
"5efb46eb0602b40721314429",386,9,8,7,8,6,6,6,9,6,8,8,9,10,6,10,10,10,10,8,9,9,10,7,10,8,10,9,6,5,10,10,10,9,7,9,9,9,8,10,10,6,9,6,7,10,7,8,8,6,8,8,10,4
"59707bf16c75db0001fea43f",1049,7,8,8,8,7,4,7,8,7,8,10,4,5,7,7,9,9,5,9,8,10,6,7,9,10,9,7,7,8,7,9,6,8,8,8,8,8,9,6,8,7,6,5,6,9,8,7,7,7,5,7,5,8
"60bfe5c2bbf61b871a53f553",329,10,10,10,7,10,5,10,6,8,8,10,8,7,10,10,10,10,10,10,10,10,10,10,10,8,10,8,10,7,10,9,9,10,7,6,10,9,10,10,10,8,8,6,7,10,7,5,10,7,7,10,10,8
"60867f15c6327e78242c627c",359,8,9,6,8,9,5,8,7,8,9,8,7,6,8,8,9,9,9,7,8,8,6,6,8,7,7,7,8,9,8,8,6,8,8,7,9,8,9,7,7,5,7,6,7,9,7,5,7,6,5,5,7,7
"62fb90429c2152a93ae5fdbd",331,6,10,6,8,9,5,8,8,6,7,8,8,5,8,8,8,8,8,9,9,9,8,7,8,8,5,8,8,9,10,6,5,5,8,8,8,7,6,7,7,5,7,5,5,9,8,5,8,4,5,4,8,4
"5e0fa2ede5abae000bd43bda",317,5,10,5,8,9,6,7,5,5,10,10,8,7,6,9,9,7,7,9,8,8,7,6,7,5,7,6,7,8,9,6,3,10,6,7,7,5,8,9,7,5,8,9,5,8,6,7,8,5,8,7,5,5
"5c4782d9cae0ab000188d2b4",297,9,10,9,8,9,6,7,7,10,10,10,7,10,10,10,10,10,10,8,10,10,7,9,7,8,9,9,8,8,9,9,7,9,8,9,10,9,10,10,9,7,9,8,9,10,9,7,9,7,5,5,6,5
"60990fe5302151169b0cb021",413,5,8,6,7,7,4,6,6,5,7,6,5,7,6,7,7,9,8,6,7,7,5,8,7,5,7,5,7,7,9,8,5,8,6,7,7,6,7,8,7,6,9,7,5,9,5,5,5,6,5,4,5,3
"62dad76aa77f5041d2808228",340,6,6,6,7,4,5,6,5,5,6,6,5,5,5,5,5,5,5,7,5,6,5,5,5,5,7,6,5,7,5,6,5,6,5,6,5,6,5,7,5,6,8,6,5,7,6,5,4,5,5,5,5,3
"5af9969a46f0040001e34736",295,7,8,6,6,7,5,7,5,7,6,7,9,7,6,7,7,9,8,5,7,7,7,9,8,6,8,5,9,7,8,7,6,6,5,7,9,7,8,6,9,6,8,6,5,8,6,6,6,4,5,8,7,6
"5f117cb921deab000954bdbb",772,7,7,4,6,6,4,7,6,1,9,7,7,6,6,8,7,7,6,4,8,6,7,6,6,5,6,6,7,7,8,6,1,7,4,7,7,6,8,4,8,5,8,7,7,5,4,3,7,4,5,5,5,1
"6346d0e43c8870c464698583",301,6,9,5,5,8,4,5,6,6,9,7,6,5,7,7,9,8,7,4,7,6,6,8,6,6,6,6,6,10,7,4,5,8,7,7,7,7,7,6,7,6,4,5,6,8,6,8,6,4,7,3,8,7
"5cb7be4c30e566001a8b04b5",583,6,9,7,7,9,7,6,6,7,9,9,8,8,8,8,10,10,10,8,10,7,8,8,10,6,9,8,9,8,10,8,7,8,8,8,10,7,10,9,10,7,8,7,8,9,7,8,8,6,7,6,9,6
"5cd128f0a36804001767bab4",353,6,10,8,7,8,5,4,7,6,10,10,10,10,10,8,10,10,8,5,8,10,9,6,9,7,8,7,9,10,10,10,8,8,7,9,6,7,8,5,8,6,5,6,6,10,7,8,6,4,7,5,5,9
"61fa9085d42cb19beec4915d",429,7,9,8,7,10,8,6,9,6,4,9,7,6,9,8,9,8,10,8,7,9,6,9,8,8,8,8,9,9,8,8,5,6,9,6,9,9,5,8,8,6,8,6,6,9,8,4,8,4,4,5,7,8
"5e0fd52b7bf5726e3699d2df",352,8,9,8,7,10,6,7,7,7,6,7,10,9,7,10,10,9,7,6,8,10,10,10,7,7,8,8,7,8,9,6,8,8,7,9,7,7,8,10,9,6,7,4,8,9,9,5,6,7,7,7,9,6
"608ac826799bec5934dcc129",414,6,9,10,6,7,6,7,5,7,8,8,7,5,6,6,5,4,5,4,8,4,8,5,8,6,10,9,10,7,10,8,7,8,7,7,6,10,6,7,8,7,6,8,5,9,4,5,5,5,4,1,10,10
"5e692a511f156a1e4aa18f70",411,8,10,9,6,10,6,6,8,8,10,8,8,10,9,8,8,10,9,8,9,9,7,8,8,8,7,7,8,10,9,9,8,8,8,6,8,9,7,10,8,7,8,8,10,9,8,9,8,7,6,7,7,9
"60ad148879b3d5d9d26895ad",449,5,10,4,6,10,5,5,6,8,8,9,9,5,9,9,8,9,10,1,8,9,5,10,6,5,6,6,6,8,9,3,6,8,8,7,8,5,8,8,6,6,10,1,7,9,7,8,5,5,5,5,7,2
"5d4d9ea8c088850019ec5b32",331,6,7,7,8,8,7,6,8,9,8,8,6,8,8,9,9,9,8,7,9,8,8,9,9,7,9,7,8,6,8,8,9,7,8,8,9,7,8,8,7,7,8,5,7,8,8,7,8,7,8,5,8,6
"5c48568e8bb610000160d20d",390,8,8,7,7,8,6,8,7,9,8,9,7,6,8,7,8,8,9,7,8,8,8,8,8,6,8,6,8,9,8,9,8,8,7,8,8,8,8,8,8,6,8,7,8,9,6,7,7,5,6,6,7,7
"6001944c90dd7f081710f788",396,5,10,7,5,9,3,7,7,6,8,10,6,2,9,8,9,9,10,8,8,9,6,9,7,6,6,5,8,10,9,6,5,7,8,8,10,6,7,8,7,6,8,9,11,8,5,3,4,3,5,3,7,8
"62a1e51c8ce8770e7d656063",448,10,9,9,10,10,7,10,10,10,10,10,9,8,8,9,9,10,11,8,10,10,9,8,10,9,8,9,9,10,10,9,7,10,10,9,9,10,10,9,9,10,10,8,9,9,9,9,10,10,9,5,8,5
"5a88a9efeea3d300016e8661",355,8,9,8,7,8,6,7,6,8,8,8,8,8,9,8,9,8,9,6,8,9,8,8,9,7,9,8,8,8,9,9,7,8,7,8,8,7,8,7,8,8,7,6,7,8,8,6,7,7,6,7,8,3
"59957d9abf8bcf0001ab6a3c",418,8,9,7,6,8,5,7,4,8,8,8,9,5,7,8,9,8,8,9,9,8,8,8,7,6,7,5,8,10,9,8,7,7,8,7,8,9,7,8,8,5,9,9,5,9,7,7,5,6,6,1,5,1
"5872a842db3e720001e231a5",382,7,8,5,7,8,4,6,7,6,6,6,8,6,7,7,8,8,8,3,8,8,6,6,7,8,7,6,6,6,9,7,7,6,8,7,6,8,7,6,7,5,5,5,6,7,7,5,7,5,6,6,8,5
"5fc69a2de9943e06f776dc21",418,8,9,8,9,9,6,7,8,8,9,9,6,8,8,8,9,9,6,9,8,8,6,7,8,8,7,8,8,9,8,10,8,8,6,8,8,9,9,8,9,8,10,8,8,5,7,7,8,6,5,7,8,7
"5bc0941074e76c00019e9479",403,8,8,8,6,10,6,6,6,9,9,7,8,8,8,8,10,10,10,7,9,8,8,10,8,8,10,6,7,6,8,9,7,8,10,10,7,8,7,10,8,6,10,6,8,10,7,7,7,3,6,6,6,8
"5bdead73ed3acf0001666f03",410,8,9,5,6,6,5,6,8,8,9,8,7,6,7,8,8,8,7,7,8,8,7,7,8,8,7,8,7,7,7,8,5,7,7,9,10,7,7,8,8,7,5,5,6,6,8,7,7,5,5,7,7,5
"5c5243d45acab700012608c7",535,6,9,6,7,8,7,6,7,6,7,7,6,7,7,7,8,7,8,7,8,8,6,8,7,6,6,6,7,8,8,6,6,9,7,7,8,7,8,8,7,6,8,6,8,6,6,6,7,6,6,5,6,7
"60cc3b6b8fe267392d327c95",371,10,10,7,8,10,7,7,5,4,7,7,10,6,7,10,9,10,10,8,9,6,7,7,9,6,9,8,8,3,10,5,7,8,8,10,6,9,8,8,7,7,5,5,5,8,8,4,7,4,8,8,8,1
"5d1904fd8b97090001215bdf",448,9,9,7,7,7,5,5,8,8,9,9,10,8,9,10,10,10,10,8,9,8,10,10,10,8,9,7,9,5,10,10,7,10,5,8,10,9,8,10,9,5,10,5,10,10,8,7,9,5,5,5,10,5
"5bb0e35556161d0001feccdc",412,6,10,7,1,9,2,3,8,6,10,9,8,6,7,8,9,9,8,4,7,6,8,9,7,9,6,7,7,10,9,6,7,9,8,7,6,8,8,7,8,4,7,9,7,8,5,4,3,1,7,2,7,8
"60537fdcda0ac05f1c59c57f",287,7,8,6,7,9,4,8,6,7,8,6,6,6,9,7,8,8,8,5,8,8,7,5,8,6,8,7,7,7,9,8,5,5,7,8,7,7,6,7,5,6,5,8,6,8,7,5,6,5,5,5,8,6
"5eaeee6cd327965cfd25c6c5",294,5,10,9,8,10,5,5,7,6,10,10,7,7,9,8,10,10,9,7,8,8,10,7,8,7,9,7,8,9,10,7,6,10,5,10,7,7,8,6,6,7,7,7,7,9,6,8,8,7,7,5,7,9
"62cad597f554ed6a9ce4c77e",507,8,9,7,7,8,7,8,7,8,8,9,9,8,9,7,8,8,9,8,8,8,8,8,9,7,8,7,8,7,9,7,8,8,8,9,8,8,8,8,9,7,7,5,7,8,8,7,7,7,7,8,8,6
"5ee3717e7b13a202f966b3de",407,8,9,4,8,9,5,7,6,8,9,9,5,4,9,9,10,10,9,8,8,9,5,8,6,6,6,6,7,8,10,8,6,9,7,7,10,7,8,8,8,6,9,5,9,10,5,8,7,5,5,3,6,7
"5a606ae1eedc32000142ea79",425,10,10,7,9,10,6,9,6,10,10,10,9,6,9,10,10,10,10,10,10,10,10,7,10,8,10,8,10,8,10,9,9,10,10,10,10,10,10,9,10,10,10,10,10,4,10,7,6,4,9,8,10,7
"5d9b4d9d6cb1870018ba1a27",340,6,10,5,5,10,6,5,7,9,8,8,8,6,8,8,10,10,7,5,10,8,7,5,6,8,7,9,7,3,8,7,10,6,7,9,7,8,6,9,7,7,6,5,5,7,9,7,4,5,9,6,6,5
"5f0c66640eb13a081c8650e8",501,5,10,11,8,10,5,8,8,10,8,10,8,7,6,10,10,10,7,8,10,10,8,10,6,8,6,8,10,8,10,6,7,6,10,10,7,8,8,6,8,10,8,6,8,6,10,8,8,6,6,7,8,7
"6131f6711c0d96f6f1fb04af",335,7,10,7,9,10,1,7,9,7,10,10,10,5,9,7,10,9,10,9,10,10,4,10,6,6,6,8,8,10,10,10,1,2,9,10,10,10,10,10,8,10,10,10,10,10,10,1,10,1,1,1,9,5
"5f69cc6f69949e00098d8295",342,8,10,9,10,9,4,5,8,9,9,9,8,8,8,9,10,10,9,9,9,9,8,8,8,7,10,9,8,8,9,7,7,8,8,9,9,8,10,9,9,7,10,6,8,9,8,7,9,7,6,7,10,6
"595e783b07ed5e0001cd0a97",409,6,10,6,8,7,5,10,5,9,7,10,9,7,8,10,10,10,10,4,10,10,7,7,6,8,6,6,9,8,10,9,5,7,9,10,10,8,8,6,8,7,8,4,8,9,6,8,7,4,7,2,8,8
"63b31b2fe1146395db2d0fd7",584,8,6,5,6,5,3,6,4,5,8,6,6,6,3,8,8,8,8,9,9,9,6,4,8,5,5,4,5,6,9,5,5,8,4,9,5,8,8,9,9,3,8,6,6,5,6,6,4,3,4,3,7,3
"5e1349de814bba97b490a241",435,7,9,4,9,9,5,7,5,8,7,9,7,5,7,8,8,9,9,8,8,9,7,8,6,6,6,8,7,6,9,8,6,8,8,6,7,7,6,9,8,6,10,8,7,8,5,6,7,5,6,5,6,5
"63ed0d717ceb58b69ff6ce58",314,7,8,5,8,5,5,5,10,5,7,9,5,3,7,7,9,8,6,6,8,8,6,8,7,6,6,6,9,9,8,8,5,8,5,7,10,5,5,7,7,6,7,8,10,7,6,7,6,6,5,5,7,1
"63d79c85cd95ae1bac93a452",446,8,8,8,8,7,5,8,7,7,9,7,9,8,6,8,8,7,8,7,7,9,6,7,8,6,10,7,8,8,7,6,7,8,7,8,8,7,7,7,7,8,6,7,7,7,8,6,7,7,8,5,7,3
"5d07dffbfb344600015e2ae6",450,8,10,7,4,9,6,4,5,7,8,5,6,4,8,9,8,9,9,7,8,10,4,7,8,6,9,7,8,7,7,6,5,6,8,10,7,7,7,8,7,9,5,5,7,6,5,6,7,4,5,7,7,5
"60633fd46e2eac9d3aaef164",390,8,10,6,9,10,5,9,5,7,9,10,7,6,9,10,9,9,10,9,9,9,7,10,8,6,8,6,7,9,9,9,7,10,8,10,9,9,10,9,8,7,9,8,8,10,5,4,8,4,4,7,8,8
"59bbd2d4178f1b0001828bbb",614,9,10,10,7,10,7,9,8,7,10,10,8,8,10,10,10,10,10,9,10,10,8,9,10,7,10,8,10,8,10,10,8,10,7,10,10,9,7,10,9,5,4,8,9,5,10,8,10,6,5,8,10,8
"5f92fb66991d4406765bbd20",504,8,10,8,8,8,5,5,5,8,8,8,9,9,10,8,10,9,10,8,10,10,7,8,10,6,10,8,6,9,9,8,7,9,8,9,8,8,9,8,10,5,9,8,8,9,7,5,8,5,8,7,9,5
"5b33bf8a1f9e7c000198e22d",353,7,9,7,6,7,6,5,8,7,7,8,7,7,7,9,8,8,6,4,7,8,7,7,8,7,9,8,6,10,8,7,5,7,7,8,7,8,8,7,7,6,7,5,6,6,7,7,6,6,7,5,8,6
"5c4dc7ff5994ca0001131080",478,7,9,6,5,8,6,6,7,6,10,7,7,6,7,8,8,8,8,8,8,8,6,8,7,8,4,7,3,9,9,7,6,8,8,7,8,7,8,8,7,3,7,7,6,10,4,7,5,4,6,3,5,6
"640f3fc5a89ce8f8a4b2db6b",660,10,10,8,7,9,3,7,5,8,10,9,4,4,10,8,9,9,10,10,9,10,6,8,5,6,7,5,8,10,8,4,4,6,10,5,10,9,8,9,8,3,8,10,9,9,8,6,8,3,4,4,4,8
"5f8ac37961bf52177f0ec44e",395,7,9,5,6,9,4,5,5,6,7,8,5,4,7,9,8,9,9,6,7,9,7,8,5,5,7,5,8,9,9,8,5,7,6,8,7,6,8,7,7,7,9,6,6,8,5,5,7,4,3,4,8,6
"648376d018b8fa100e60489a",537,7,10,7,6,10,4,6,5,8,10,10,5,6,9,7,9,9,9,6,9,10,5,9,8,7,6,8,9,10,9,8,5,8,7,7,8,6,8,9,7,7,9,7,7,10,4,7,6,2,5,1,7,6
"6138f26422dda045f8586a90",586,7,9,7,9,7,7,8,7,9,9,9,9,8,9,8,9,9,8,6,9,8,9,9,9,8,9,9,8,9,9,9,8,8,8,8,9,8,8,7,7,9,8,7,9,8,7,9,8,8,8,6,9,5
"5b94963400e06e0001bf7856",250,9,8,7,6,7,6,7,7,7,9,7,5,5,6,9,7,6,8,7,6,8,6,8,7,8,6,7,6,6,9,8,6,6,6,5,8,8,6,9,8,8,5,7,6,8,5,6,5,7,4,3,7,7
"64147831ba6dfdfb997636e8",556,3,4,3,6,4,5,4,5,8,5,6,8,4,6,6,7,8,4,7,6,5,7,5,5,7,6,4,4,7,4,8,6,4,5,5,4,7,7,3,6,5,5,5,3,8,5,8,4,3,7,4,4,4
"6266e277eeff2c06dec3116a",477,7,8,7,8,5,6,6,7,6,8,8,8,5,7,6,7,8,7,7,8,8,8,7,8,6,8,6,7,6,8,6,4,8,6,7,8,8,8,8,8,6,8,7,7,8,6,6,9,4,6,6,8,5
"5993fe7560937e0001899412",363,8,8,8,6,9,7,7,7,9,9,9,8,6,8,9,9,9,9,8,8,9,9,8,8,8,9,8,9,9,8,7,8,8,8,7,8,9,8,8,8,8,7,8,8,8,8,8,8,6,8,6,8,8
"5fb57b265d72ea0932b4853c",331,8,8,8,8,8,5,7,8,10,7,8,8,10,10,8,8,10,10,6,10,8,10,6,10,9,8,7,8,5,8,6,8,8,6,8,8,8,8,8,10,7,8,5,10,8,8,7,6,7,8,8,8,4
"622a09fde7c58a6a14e20508",911,8,9,6,4,9,4,4,6,7,10,9,6,4,8,7,8,9,10,4,8,7,5,7,6,6,6,6,5,10,9,8,4,7,8,7,8,7,8,6,7,6,8,7,5,9,4,5,4,4,3,2,4,7
"5dc7f4daa6eae358b81c34d9",485,5,8,8,6,6,5,5,6,5,6,6,8,7,7,8,9,10,8,7,9,8,7,5,9,8,8,5,4,5,9,8,4,8,5,7,8,7,10,9,6,6,8,6,6,7,6,5,4,4,5,5,9,5
"5af32f9d003f6c0001f2905b",373,6,6,5,5,9,3,5,5,6,6,7,8,5,7,7,8,8,9,4,9,7,8,7,8,5,8,5,6,6,8,6,6,5,5,5,8,6,7,6,7,4,7,5,7,6,6,5,7,5,5,5,7,2
"60e39059c89cadf89f4e29eb",376,6,9,7,8,8,9,8,10,9,10,10,10,8,5,9,10,7,10,9,7,9,10,9,10,9,9,10,6,9,10,9,7,9,8,9,9,8,5,8,8,5,9,3,6,9,5,7,10,9,10,7,8,10
"5f9e03f3517e0d3ad1eab67b",463,7,10,9,9,9,6,4,8,8,9,9,8,8,8,9,9,9,8,8,8,10,8,9,9,8,8,10,9,8,10,8,8,9,10,10,8,7,7,8,8,9,7,7,8,8,7,6,9,10,7,7,9,7
"62dc60fd3b07c18f1dcfdda6",398,6,5,5,7,7,4,5,5,5,8,6,5,6,6,6,8,10,6,6,8,5,5,10,6,5,6,5,6,8,7,8,5,6,6,7,7,6,6,5,7,5,8,8,5,6,5,6,5,4,5,5,5,5
"5b75ac687dc4b00001af4e50",352,6,8,7,7,7,6,7,7,8,9,9,8,8,9,8,9,9,9,6,9,8,7,9,8,8,8,7,8,8,8,7,6,8,7,8,8,8,7,8,9,6,10,7,7,9,8,7,7,6,7,7,9,7
"5e317d6d8c821b000aec84b3",325,10,10,8,7,10,9,9,8,10,10,10,9,7,10,10,10,10,10,7,10,10,10,10,10,8,10,9,9,10,10,10,9,8,10,9,10,10,10,10,9,8,8,10,10,10,7,10,8,4,7,9,10,9
"6500615b226d81ec5db464d7",716,8,8,6,7,7,4,5,6,6,6,6,7,8,7,7,10,8,10,4,8,9,7,7,8,6,8,6,6,7,10,6,6,5,6,8,7,8,10,6,8,3,5,4,7,8,6,5,6,5,7,3,9,3
"640349ae900739316aca0f9f",410,10,10,8,9,10,6,7,8,7,10,10,9,8,8,8,10,10,10,8,10,10,8,8,9,8,9,9,8,8,10,9,8,9,8,8,9,8,9,9,9,7,10,6,8,8,8,8,8,6,5,4,10,8
"5ea8018973b0521f70fe7ba1",276,8,10,6,8,10,5,8,7,8,8,10,7,5,8,10,10,10,8,9,8,10,8,10,9,6,7,7,9,8,10,8,7,10,8,10,10,9,7,9,10,8,10,8,7,10,7,8,5,4,7,5,5,8
"6319fd9059a492b9fa6cc32c",406,7,7,6,6,8,5,8,7,7,8,7,7,6,8,7,7,8,8,6,6,6,6,6,7,7,7,6,6,7,7,8,7,7,6,7,7,7,7,6,7,6,6,7,7,4,6,7,6,6,6,6,7,8
"5b5dc6a1098c14000185fada",306,10,10,8,10,10,6,10,10,8,10,10,10,10,10,10,10,10,10,10,10,10,10,10,10,8,6,7,8,10,10,10,9,9,8,10,10,10,10,9,8,7,9,10,10,10,8,5,8,8,10,3,8,6
"61051e6133be9809ad619c55",380,6,10,6,5,10,4,9,8,5,9,8,8,8,8,10,10,10,9,7,7,8,7,7,8,7,8,8,8,9,10,5,6,6,5,8,8,9,9,8,7,5,11,6,9,9,7,6,7,6,4,9,8,10
"5a6f075f6f7ad60001f964c3",318,9,9,8,8,8,5,5,8,6,8,9,10,8,9,9,9,9,8,8,8,9,7,8,9,9,8,8,10,8,10,7,8,9,6,9,8,9,8,9,10,8,9,6,8,9,7,6,7,5,6,7,7,7
"5f061f46dc944614ea1be5b9",236,6,10,5,5,10,5,5,7,8,10,4,5,5,6,8,6,8,8,6,7,5,6,8,8,8,7,8,5,10,8,8,3,6,6,4,8,9,5,8,6,6,7,6,10,8,5,6,8,3,6,3,6,5
"5f3d5975eb12900dd98011da",304,8,9,8,9,9,6,6,8,8,9,10,9,9,8,8,10,10,10,9,9,9,9,9,9,9,9,8,8,10,8,8,8,8,8,9,9,8,8,8,8,8,8,7,9,10,8,8,8,7,8,8,10,8
"5d7f2c51ed58b60015490876",411,6,8,6,10,6,5,5,6,6,6,6,7,6,6,8,8,9,9,7,8,8,6,8,9,6,6,6,6,7,8,5,6,8,5,7,7,6,7,8,6,7,8,5,6,9,6,5,7,5,5,8,8,4
"5f84d5846e8c4a1a720c6dd2",402,8,9,3,9,9,4,4,8,6,8,7,8,9,6,8,9,9,10,6,8,7,8,8,9,7,8,7,8,5,8,7,7,5,5,9,8,7,8,9,8,6,9,7,8,10,6,7,8,3,3,3,8,7
"6163a7394293a6ff11d88f29",326,8,9,7,9,6,4,7,6,8,10,9,10,6,8,8,10,10,10,8,8,10,7,10,10,9,8,9,7,9,10,10,4,6,8,8,7,8,8,9,9,5,9,4,8,9,9,5,6,4,4,5,10,5
"63cee09007fbf47334157cb9",589,9,9,9,5,10,6,7,10,10,7,8,7,7,7,10,10,10,8,5,10,10,8,7,7,9,8,9,9,10,10,8,7,8,10,7,9,7,8,7,8,9,8,7,4,7,7,6,6,7,5,5,8,10
"5fe469705312ca1c46a69898",368,9,9,9,8,8,7,8,8,9,8,10,8,8,8,9,10,10,8,9,9,10,9,7,9,8,9,8,9,8,8,7,8,8,8,8,8,9,8,7,8,7,4,8,8,7,8,6,9,5,7,7,9,4
"64aee01e6e510873fd199779",435,3,6,9,7,9,5,8,10,8,9,10,9,7,10,10,10,9,9,9,9,10,9,10,9,7,10,9,8,6,9,10,7,6,10,8,10,9,8,9,9,5,10,10,8,10,8,5,7,3,5,9,10,7
"62b05d3d2c2b35bb947ce3b5",434,5,5,3,5,5,6,6,4,6,6,8,5,5,5,5,6,6,5,5,5,5,6,6,6,5,6,6,6,6,7,6,6,5,5,6,6,6,5,5,6,6,7,5,6,8,6,6,5,5,5,5,5,5
"5c6fd0be04b76500015f9db9",314,4,8,4,1,8,1,6,3,3,8,10,3,6,8,7,7,8,7,3,7,7,1,2,1,5,2,4,1,10,9,7,3,8,8,6,8,3,1,4,3,1,7,9,5,1,3,8,1,1,2,2,1,10
"59facf9ba764fc000135fb78",333,10,10,10,1,10,7,10,10,10,10,10,10,10,10,10,10,10,10,10,10,10,10,10,10,10,10,10,10,10,10,10,10,10,10,10,10,10,10,10,10,10,1,10,10,1,10,10,10,7,10,10,10,10
"62d14e9a7c6b4b945b9b6f00",356,7,10,7,7,10,4,9,6,7,10,9,5,5,7,10,9,10,10,2,7,4,4,8,6,4,4,7,3,10,9,10,8,8,10,9,6,7,7,7,8,4,3,8,7,6,5,8,7,2,7,3,3,7
"5c7018a5e165d10001e8aed2",381,4,9,7,4,6,2,2,6,2,9,9,5,3,8,7,10,10,9,8,9,9,6,6,5,6,7,3,8,9,8,8,3,8,5,8,8,6,5,6,7,7,8,10,4,7,5,4,3,1,2,6,8,7
"59e27cc0c0d35a0001294e6b",462,7,8,6,7,8,4,6,6,5,7,8,6,6,5,8,7,7,8,6,7,6,6,8,7,5,7,5,4,8,7,7,6,6,5,6,7,6,7,5,7,4,7,6,6,8,5,5,5,3,5,6,7,5
"5d77a3cabdd252000197e86e",331,7,10,7,8,9,6,7,6,6,9,9,9,5,9,9,10,9,9,7,8,9,7,9,8,7,9,8,8,9,10,8,6,9,8,8,8,8,9,8,8,6,8,9,8,9,7,8,7,7,5,6,7,8
"5ee32976afc30b4bff630695",495,8,8,8,6,7,5,6,7,6,6,7,7,7,8,8,8,8,7,5,7,7,7,6,9,6,8,7,5,5,7,8,7,6,7,7,6,7,7,8,7,7,6,5,7,8,6,6,8,5,6,5,7,5
"5d53bf0c2ebe880001a473d2",518,9,10,8,8,10,8,7,8,8,10,10,7,8,9,10,10,10,9,8,8,8,9,8,8,8,9,8,9,10,9,10,8,8,8,9,9,8,8,8,8,5,8,8,8,9,10,7,9,5,9,9,8,5
"5ed0dc47fd66121c75e88443",292,8,8,9,6,9,4,8,7,7,10,10,10,7,8,10,10,10,10,8,10,10,9,9,9,7,8,8,7,7,10,10,9,5,4,8,8,9,8,7,8,6,8,8,9,9,7,8,7,7,8,7,8,5
"5e3c595d955ce604ac669fcb",344,6,10,4,9,9,3,9,5,7,10,7,7,9,8,8,9,10,9,8,6,8,7,8,6,4,8,4,10,9,9,10,5,9,4,9,8,7,8,10,8,6,9,8,5,9,8,9,8,5,5,3,8,7
"6419963afaf3cfd49b859197",323,6,9,6,8,9,3,8,5,6,8,7,6,5,6,8,8,8,9,6,8,7,6,6,8,6,7,6,7,8,7,8,5,8,7,9,7,6,8,6,6,5,8,4,6,8,6,8,6,6,5,5,7,5
"5da179412996110016d853d5",374,7,9,6,6,8,5,6,6,7,8,6,7,6,7,8,9,9,9,6,8,8,9,7,8,7,8,6,7,8,8,6,6,8,6,9,8,7,7,8,9,6,7,5,8,8,6,7,6,5,5,7,7,7
"5c762ce8eda5da001662be0b",361,8,7,7,7,6,5,6,5,7,8,8,7,7,7,9,10,10,8,7,7,10,6,10,7,4,8,6,8,7,8,8,5,8,4,6,8,7,5,10,7,5,6,5,5,10,5,9,7,6,7,5,7,4
"5c521644e8fee700012f4206",344,10,10,8,10,10,6,9,7,7,10,8,8,7,10,10,10,10,7,6,10,10,7,6,8,10,8,9,10,7,10,10,8,8,10,9,10,10,10,10,9,9,10,6,10,5,9,9,10,7,8,5,8,6
"5cc8745ba94e300001fd9687",544,9,9,8,9,8,5,5,9,8,10,9,10,9,9,9,10,10,9,9,10,10,9,8,10,9,10,9,8,8,10,9,8,9,8,9,8,9,10,9,9,8,9,9,8,10,9,6,10,6,7,9,10,7
"6447efd59bfb37374e1c7d3b",413,5,8,6,7,8,5,6,6,6,7,6,6,6,7,6,6,8,7,6,6,7,7,6,7,6,7,6,6,8,7,7,6,6,6,7,7,6,6,6,6,6,7,6,6,8,6,6,6,6,6,6,6,6
"63d0090ea7e80bef2431e292",599,7,9,9,8,9,7,10,9,9,10,8,8,9,7,9,10,9,8,7,9,9,8,6,8,8,8,7,9,10,8,8,7,10,8,9,8,9,9,8,8,9,9,9,8,10,9,9,8,8,7,7,9,6
"6400d8cab617f6fe54c31542",437,7,10,8,8,10,5,5,7,5,8,5,8,7,10,10,9,8,9,5,9,10,5,8,7,7,5,6,8,10,8,5,4,5,8,3,8,8,7,8,9,3,10,7,8,5,5,3,5,3,7,3,7,8
"59f99e8305d1d60001f1484b",519,8,10,8,8,9,6,8,7,8,9,9,8,7,8,8,9,9,8,8,9,8,7,9,8,7,9,7,8,8,8,10,6,10,6,9,9,9,9,8,8,5,6,8,6,10,7,9,6,6,7,7,6,6
"593406f24e31b50001ce1721",350,5,9,5,6,8,3,7,6,7,10,8,5,5,7,8,7,10,7,7,8,8,7,8,7,8,6,6,8,10,8,7,6,8,5,6,9,6,8,7,6,6,6,9,8,7,6,8,5,3,4,5,6,9
"6346898ad78b054a344b36bb",329,10,10,5,10,10,5,8,5,8,10,10,8,10,8,10,10,10,10,8,10,10,8,10,10,5,8,5,10,10,10,5,8,10,5,10,5,10,5,10,8,5,8,10,10,10,5,5,5,3,3,5,10,5
"5ec2683e7bf5d7035f84ddf8",439,9,9,7,7,9,8,9,7,10,9,10,9,7,8,8,9,8,9,8,9,8,9,8,9,8,9,8,8,7,8,9,8,8,9,7,8,7,9,8,9,8,8,4,7,8,8,10,7,6,7,8,9,6
"612cb8ab5ad60fc4504e073f",510,6,9,8,9,10,4,6,6,8,8,10,7,7,5,8,8,9,7,7,8,8,7,8,8,5,8,8,9,6,9,6,7,5,7,7,5,7,7,7,5,5,10,1,4,10,7,9,6,6,8,5,7,5
"5b663859f7798c000182b8cf",536,5,10,6,6,10,3,6,6,5,10,9,6,6,6,8,8,8,9,4,8,7,6,5,7,6,6,6,9,8,9,7,3,6,7,8,8,7,7,7,7,5,7,6,7,8,6,5,6,5,6,4,7,5
"5fa544d14d75e022cf2cc455",366,10,9,9,10,10,6,9,8,8,10,8,10,10,8,10,10,9,9,7,10,10,10,9,9,10,8,7,9,10,10,8,10,10,8,10,9,10,10,9,9,9,10,9,8,10,9,6,7,5,8,10,8,6
"62b2ced20cf38404284f7038",632,10,10,9,10,10,10,10,7,10,10,10,10,10,10,10,10,10,10,10,10,10,10,10,10,8,10,8,10,10,10,10,10,10,10,10,10,10,10,10,10,10,10,10,10,10,10,10,10,10,10,10,10,6
"5ee13172646ecb12b9368547",401,8,8,6,7,5,5,8,7,8,8,5,7,9,7,8,8,9,7,6,10,8,8,8,8,8,6,9,5,3,8,5,9,8,7,8,7,9,8,9,8,6,8,5,8,8,8,8,7,3,8,8,7,5
"5d973af75f3d9a00147aa26d",281,10,10,10,9,7,10,10,10,10,10,10,9,10,8,10,10,10,10,8,10,10,10,10,10,9,10,10,10,10,10,9,9,10,10,10,10,10,9,10,9,10,10,9,10,10,8,10,9,10,10,10,10,10
"61482783dcf57221d3738f8d",419,5,8,5,5,10,4,6,5,8,5,7,7,8,7,7,8,7,8,5,8,7,5,6,5,5,5,8,7,8,10,6,5,8,8,6,8,8,6,6,6,7,6,5,7,6,5,5,5,6,5,5,7,1
"632b193a1ee829c3a710060c",345,8,4,5,3,7,6,5,7,7,4,4,7,5,3,7,3,7,7,3,6,7,6,4,4,7,8,6,7,6,7,8,6,4,7,6,7,6,4,5,7,6,6,8,7,7,4,6,7,4,7,6,6,4
"5e11bda11e2e5885070a0b22",293,7,8,7,6,6,5,6,5,6,9,8,8,7,8,8,8,9,10,4,8,8,8,8,6,5,5,5,7,7,8,5,10,5,9,6,6,7,8,9,8,5,9,4,6,7,8,4,7,8,5,7,6,2
"571c92b2e1d2ec0009a6872b",397,10,10,7,9,9,4,8,8,7,8,10,8,6,8,9,10,9,10,6,9,9,7,9,6,9,8,7,9,9,9,9,7,8,8,10,10,8,8,8,8,6,9,9,9,10,7,8,8,2,7,7,8,8
"59737f32e5b7db0001c90439",402,10,10,5,7,9,4,8,8,8,8,8,10,6,8,8,9,10,9,9,8,8,8,9,7,10,10,7,9,8,9,7,6,5,8,9,10,9,9,10,9,7,7,6,10,9,9,6,7,4,7,6,7,3
"6086c68e254d1428951eebf9",527,10,10,10,10,10,6,10,6,9,10,10,9,8,8,10,10,10,10,7,10,10,10,10,10,7,10,8,10,10,10,9,10,10,10,9,10,8,10,10,10,10,10,4,10,10,10,10,10,8,10,9,10,5
"60fc195aaf93a05610b19f4c",677,10,10,8,8,8,6,6,5,8,7,8,8,7,8,10,9,8,10,7,10,10,8,7,6,7,7,8,8,7,10,9,8,8,8,10,8,8,8,10,8,8,7,1,7,11,8,7,10,10,8,8,7,6
"5ae0f7265f327e0001fba84c",347,10,10,8,10,10,3,5,8,9,10,10,9,9,9,9,10,10,9,10,9,10,8,8,9,8,9,9,9,10,10,9,8,10,9,10,10,8,9,9,9,4,10,9,10,8,6,5,9,4,7,6,10,9
"5ef7c6094ffead5091899f98",285,7,7,7,6,7,6,6,8,7,7,7,6,7,6,6,6,8,7,6,5,6,6,7,7,7,7,7,7,7,5,7,7,8,8,6,7,6,6,8,8,7,5,7,7,7,8,6,7,6,8,8,8,5
"5829f8eed7e5ff0001ff7d8d",485,6,10,7,8,7,1,8,7,7,7,9,9,7,8,8,9,9,10,5,10,8,8,10,8,8,7,8,9,9,9,10,8,8,7,9,7,8,7,9,9,5,8,8,8,10,7,5,8,1,7,6,8,5
"5e3aff8a21d6033109022e54",457,9,8,8,8,5,6,6,5,8,7,9,9,9,9,8,9,8,9,8,9,9,9,7,10,7,9,7,9,5,9,7,7,8,6,9,8,8,8,9,9,6,8,5,7,9,7,4,8,6,7,8,9,4
"5972e79f0100b10001f069da",785,6,8,5,8,8,3,6,4,5,7,8,7,8,4,7,8,8,6,8,5,8,7,8,7,4,8,4,5,8,8,8,7,7,5,8,8,8,6,8,5,7,8,8,8,8,5,8,7,4,4,8,6,4
"5f001a2d0b6653114dd57c63",444,10,10,7,9,10,5,4,7,8,10,10,7,9,10,9,10,10,10,7,10,10,7,10,10,6,10,6,7,4,10,9,9,10,5,10,10,10,10,10,10,5,10,4,6,10,5,7,10,3,7,5,8,8
"6357a92c14a05d21ebdd897f",414,6,7,6,6,7,3,5,6,6,7,8,7,6,6,7,7,6,9,6,7,7,7,7,7,6,7,6,5,7,7,5,7,8,5,7,7,6,7,5,6,5,8,6,7,9,6,6,5,4,5,5,7,5
"5b51e5f2fde5fe000162df3a",427,7,8,7,7,9,5,7,7,8,10,8,7,7,5,8,8,9,8,5,6,7,8,8,9,6,9,6,8,6,9,7,5,5,8,9,7,7,6,6,6,6,8,5,6,10,6,5,6,5,6,7,9,4
"5f8838c5c31a132a6d0f507e",517,7,9,6,7,10,5,5,7,8,8,8,7,5,7,9,7,9,7,6,7,8,8,8,8,7,6,8,7,8,8,7,5,5,6,6,6,8,5,7,10,7,5,3,5,10,6,6,7,6,6,7,7,6
"5cf0f45706fb120015ecfd2e",415,5,8,4,7,8,4,4,4,5,8,8,7,3,8,9,9,8,8,7,8,8,6,5,8,3,7,8,6,7,9,7,6,7,7,5,8,6,6,5,7,8,8,7,4,7,7,5,6,4,7,6,8,3
"63d01111a5a96af32774060a",395,8,7,6,7,7,5,4,2,5,8,7,6,7,8,6,8,6,4,5,7,6,6,7,6,6,8,7,6,8,7,8,6,7,7,6,5,5,7,7,7,7,6,5,4,6,5,7,4,6,5,6,6,6
"5c4dae9a889752000156b1db",579,9,10,8,9,9,7,9,8,10,10,8,10,9,8,10,10,10,10,10,10,10,9,7,9,8,10,7,10,9,10,10,8,10,9,10,10,9,10,9,9,7,8,7,10,8,9,10,8,8,6,9,10,8
"5fe778f1116bbf5ae29431b2",377,6,8,5,7,5,5,5,8,8,7,7,6,2,5,7,9,9,6,5,8,8,7,5,5,4,6,7,5,9,5,8,6,5,4,4,7,5,6,5,5,5,5,5,8,5,5,5,5,4,5,5,5,3
"5d9ae0821abbe700174a067e",591,9,10,6,7,8,5,5,6,8,8,8,6,7,8,9,8,10,10,7,9,9,6,8,9,6,9,6,8,7,10,8,7,8,7,7,9,9,8,9,8,5,9,5,8,9,7,5,3,4,4,8,8,2
"5f9ef609d0edb74d9aa4d2e1",581,7,10,7,7,9,6,6,7,7,9,8,8,8,7,8,7,8,8,6,10,9,9,6,7,7,10,8,6,9,7,8,6,8,7,8,7,8,7,7,8,6,6,5,6,8,5,5,6,4,7,7,10,4
"599096c08380cc00012a3d13",512,8,9,7,6,10,3,7,5,8,9,9,6,6,8,6,7,9,9,6,9,8,9,8,7,6,6,6,7,8,6,9,8,6,7,9,9,10,8,8,7,6,7,8,8,9,5,9,6,6,4,5,7,4
"611835b51da9e47cd01c3b03",361,1,9,4,6,8,6,6,7,3,4,3,10,8,6,7,7,9,7,4,7,8,9,9,8,5,6,7,6,10,7,9,6,6,6,8,7,5,7,10,3,5,7,7,8,10,5,6,7,5,4,5,6,6
"5dc17828a4cc420e1e4d9cdb",300,7,8,7,7,7,8,8,7,10,8,8,9,8,7,8,8,8,8,6,7,8,8,5,8,7,7,8,8,8,9,8,7,8,8,9,8,7,8,8,8,7,7,7,8,8,8,8,8,7,8,8,7,5
"5dbeff1694f30b3a8f57dfd9",428,7,8,4,7,9,5,5,4,5,8,5,7,7,6,10,8,7,7,8,8,8,9,6,8,5,7,4,6,4,8,6,7,9,5,9,8,6,6,8,7,3,8,7,6,9,6,2,6,4,6,3,8,4
"5c2a1f3667d56300016a3b97",432,4,10,6,6,10,3,9,6,6,10,10,6,5,9,8,10,10,10,8,8,8,7,8,6,6,6,5,8,10,10,8,5,8,9,8,8,7,9,8,8,5,10,10,10,10,7,7,7,5,2,4,6,9
"5e1aed5f92121c331333aaaf",1026,8,10,5,5,9,3,7,5,9,10,10,7,7,8,9,9,10,8,4,9,8,6,7,9,6,7,6,9,7,10,9,5,9,5,6,9,9,10,8,10,5,9,4,6,9,7,7,7,8,5,8,8,5
"61684a263a8f291d6b91bc71",411,7,8,7,9,5,8,8,4,7,6,9,8,8,7,8,9,8,9,4,7,9,8,10,8,4,4,6,7,10,8,7,8,9,9,8,7,8,8,8,9,6,6,7,6,8,5,8,7,7,8,5,7,3
"6107247967dedd82e06c6f27",443,2,9,7,4,10,8,10,7,8,10,9,7,10,10,1,8,8,10,4,9,10,6,8,9,9,8,9,8,8,8,10,8,6,7,8,10,9,1,10,10,3,9,5,10,10,9,8,7,5,6,5,3,10
"5a9bbda1f6dfdd0001ea9639",521,9,9,8,9,10,7,8,8,8,9,8,7,8,7,9,9,9,10,8,9,9,8,9,9,8,8,7,9,9,8,9,8,8,8,8,9,9,7,9,9,9,8,6,7,9,8,8,9,7,7,8,9,7
"590b3401182caf0001ab5801",386,8,9,8,9,8,8,9,7,9,9,9,8,7,10,8,9,9,9,8,10,9,8,8,8,7,9,7,9,10,9,9,8,10,8,10,8,8,8,9,8,8,8,9,7,7,8,9,8,6,6,7,9,8
"64669c149c6f08ddf3e60b95",515,8,10,7,7,7,5,5,6,8,8,8,7,8,8,10,10,10,7,6,10,10,7,6,6,7,6,6,6,9,10,7,5,10,7,9,9,8,8,8,9,8,7,6,5,6,7,7,6,6,5,7,10,6
"559b8c79fdf99b5ae13fd3d1",439,4,9,4,8,7,5,6,5,6,8,9,4,6,8,8,9,10,10,8,7,7,5,8,9,6,8,4,6,9,8,8,7,10,7,9,8,6,6,8,8,4,8,9,5,9,4,5,5,4,5,5,9,4
"63c530b1ddee335e5e62c017",451,9,10,10,6,10,5,7,5,9,10,9,5,6,9,9,10,9,10,5,8,8,10,6,7,4,5,4,9,10,10,10,9,10,8,9,10,9,9,9,9,4,8,5,8,10,4,9,3,8,5,5,4,3
"6102d8624dccba6b6923eaa7",292,6,6,9,7,10,5,3,6,6,6,9,8,8,7,7,9,9,9,7,8,8,6,7,7,6,6,9,9,7,7,8,6,7,9,7,9,7,8,8,7,9,8,9,6,8,8,5,9,8,8,2,7,10
"5ce31eaff30c960001b753b0",495,9,10,8,9,8,5,7,7,9,9,10,10,9,7,9,10,9,7,6,9,10,10,8,10,7,10,10,8,7,9,8,7,7,6,10,8,8,9,9,10,8,7,7,8,8,6,7,8,7,7,8,10,6
"60d5c5dfe11db26509b96509",416,7,8,6,6,10,4,3,6,6,9,8,4,6,5,6,6,8,6,5,8,7,5,7,7,4,5,6,6,10,8,8,8,6,6,5,10,6,7,8,7,5,8,7,6,11,8,8,6,7,4,3,3,6
"5e5399e2158f1d3971cef414",453,6,6,5,6,8,5,6,6,6,6,6,6,6,6,6,6,8,8,6,8,6,6,6,6,7,6,5,5,6,8,5,6,7,6,7,7,6,7,6,6,6,6,5,5,6,6,6,5,5,5,5,6,5
"5957f2012da9c90001d7bfee",558,6,8,6,5,9,5,5,6,6,6,7,6,5,6,6,8,7,9,6,6,6,6,6,7,5,6,6,6,7,7,6,6,7,6,7,7,6,6,7,8,6,6,6,6,6,6,5,6,6,5,4,6,5
"5b2bde29bf7e930001282058",501,7,10,8,9,10,6,8,8,6,9,9,8,6,8,9,9,9,9,6,9,9,8,6,9,7,9,7,7,10,8,6,7,10,5,8,8,8,8,7,6,5,9,9,8,8,6,6,7,3,4,6,8,8
"5cfd24ccf8ff8a00017319d0",448,9,10,9,6,10,7,7,7,8,10,10,10,4,8,10,10,10,10,8,9,10,10,8,10,9,10,9,6,7,9,11,8,9,10,9,8,10,10,9,10,7,7,5,8,7,7,6,8,4,6,8,9,6
"629f2a9c3effb1dc81c49116",630,8,10,6,10,9,7,8,9,8,9,10,8,8,9,9,10,10,10,9,10,9,8,9,9,8,9,7,8,10,10,7,9,9,8,10,10,9,8,10,8,9,10,6,8,10,7,7,7,6,8,8,9,8
"63da5521f23372b30f4f0b77",532,4,8,2,8,6,4,7,4,6,7,8,8,5,6,5,6,7,9,5,6,7,8,6,9,4,9,4,5,9,8,4,5,7,4,7,8,6,6,5,10,4,7,5,6,9,9,4,7,2,5,7,10,5
"5b1e12a0c9d3cb0001105e57",284,7,8,6,7,6,4,7,6,5,8,8,5,7,8,9,9,8,7,8,6,7,7,8,6,6,7,6,6,7,9,9,5,7,6,8,7,6,8,7,7,7,6,8,7,9,6,7,8,6,6,7,6,7
"5f3d6ca05772161108bc0e2e",392,3,6,9,1,10,3,5,2,3,10,5,2,3,4,4,5,5,5,2,5,2,2,2,2,3,3,1,5,10,4,5,1,2,3,3,4,4,2,2,3,2,2,10,3,3,2,5,3,2,4,3,2,10
"5c4da47734ee9300011d2299",693,8,8,5,7,6,5,5,8,7,8,8,9,8,8,8,9,9,9,7,7,9,8,9,9,7,8,7,7,7,8,7,8,7,7,8,9,9,8,8,9,7,7,7,9,8,9,7,7,5,7,7,7,8
"5f10da001b822c2988fbdb89",435,6,7,6,6,6,5,6,6,5,8,6,6,6,6,6,8,7,6,6,6,6,6,6,6,6,4,6,6,8,6,7,6,6,6,6,6,6,6,6,6,3,7,9,7,6,5,6,4,4,4,6,6,10
"57d74ff1ea00cf0001d47148",465,8,10,9,8,6,6,8,9,7,8,8,10,9,5,10,10,9,10,7,8,9,10,7,10,9,10,10,7,5,7,8,8,10,3,9,8,10,8,5,9,7,11,5,8,8,8,6,5,3,10,7,10,7
"5c747244f33ac60001b7a9e2",241,9,10,8,9,9,5,9,10,9,10,10,10,9,10,10,10,10,10,10,10,10,9,10,10,10,10,10,10,10,10,9,9,10,9,10,10,10,10,10,10,7,10,10,9,10,9,9,10,5,6,9,10,5
"61671a9d42eb53946faa44c2",543,6,10,5,8,5,5,5,6,4,9,8,7,5,8,8,8,7,10,8,7,9,7,7,7,6,7,8,8,7,8,6,6,7,5,9,9,10,7,7,8,6,10,5,8,9,7,4,7,4,6,5,8,2
"64457bc906c125cebd4bf66b",445,9,7,5,8,8,5,5,5,8,8,7,7,6,6,8,7,8,7,5,8,8,7,8,8,7,7,6,4,4,8,9,7,6,7,6,9,8,7,7,8,8,6,3,6,8,6,7,8,4,6,5,7,3
"63d3fca8e40c76adc4093c15",392,3,9,5,8,9,3,10,5,6,9,9,7,4,8,7,7,8,7,7,7,8,6,7,7,5,6,7,8,7,9,9,3,8,6,7,6,5,5,8,4,5,9,7,6,7,8,8,6,4,3,6,8,5
"648daeb51f08e32f66083212",563,7,9,7,8,9,7,7,7,7,8,8,9,7,7,8,8,8,9,7,8,8,9,7,8,8,9,8,7,7,8,7,8,8,6,8,9,8,8,7,8,6,7,6,6,8,8,6,7,6,7,7,8,5
"62712d1c0b71829386d60eb4",325,8,8,6,8,9,6,7,6,6,7,8,7,7,6,7,7,8,6,7,7,7,7,8,7,8,7,6,7,8,8,8,7,8,6,6,7,6,6,7,7,6,6,7,6,8,7,6,7,5,6,6,8,6
"612266b4f9ae4a5d04a21dd4",256,8,9,8,9,10,7,9,8,9,9,9,9,9,8,8,8,8,9,8,9,9,9,8,9,8,9,8,8,10,8,8,8,7,9,9,9,9,9,8,9,7,8,6,9,9,9,8,8,9,9,8,9,6
"63cff0d0e584d82c3566c8d6",524,9,8,9,5,8,7,6,7,7,7,8,7,8,7,8,8,7,8,7,9,7,7,6,7,7,6,8,5,8,8,8,9,5,8,8,9,8,8,9,7,7,5,8,8,9,7,5,7,7,8,5,7,7
"5cfe78abc783b1001a180e6f",432,7,10,6,4,6,5,9,6,9,8,8,8,4,5,6,9,8,9,4,9,7,9,5,9,8,10,7,6,4,8,8,7,5,5,7,6,5,8,6,7,6,5,5,8,10,5,6,5,6,6,5,10,5
"62b1ca10f34adfd4c7a2449f",502,8,10,6,7,10,6,6,6,8,10,10,6,6,10,9,10,10,8,9,9,8,5,7,7,6,7,8,7,10,10,8,6,8,8,8,10,7,7,10,10,7,8,10,9,7,6,7,10,4,5,6,6,6
"63b9d5da6b90172429bad8b9",355,7,9,4,8,10,4,5,5,5,6,7,5,9,6,6,8,8,10,5,6,7,8,5,8,4,7,4,7,7,8,8,7,6,6,6,6,7,7,8,7,3,8,5,5,3,5,4,5,4,4,5,9,5
"5da44d8faebbe900153d9d3a",532,7,9,7,9,10,5,4,8,6,6,8,9,7,8,8,10,8,8,7,8,8,5,10,6,6,5,6,6,10,10,5,9,8,8,8,9,8,8,6,9,6,8,5,6,9,6,6,6,5,8,5,8,7
"5a8745d1eea3d300016e7e16",711,8,9,7,9,9,5,5,8,8,8,8,8,8,8,10,10,9,9,7,9,9,8,8,8,7,7,8,5,6,9,6,8,9,8,9,8,8,9,7,8,7,11,3,5,10,9,5,5,4,5,10,7,4
"5ea343dd9b066613c3804f6e",437,5,9,8,7,9,5,8,6,6,9,8,8,8,8,9,9,8,8,8,7,8,8,4,7,8,8,7,9,8,8,10,7,8,7,9,8,7,8,6,8,6,7,8,9,4,7,6,6,6,5,7,7,8
"5ebbc0b64fa5d7198e40eb2b",442,8,9,5,8,8,7,5,7,8,8,9,8,7,9,9,9,9,8,6,8,8,7,7,7,7,8,8,8,9,8,6,8,8,8,7,8,6,8,8,9,5,7,7,7,9,8,8,8,5,8,4,6,8
"62d6f9a16cfbc3842bfc888a",863,8,8,6,10,10,4,8,7,8,10,10,8,8,8,10,7,9,10,9,9,10,9,9,9,8,6,8,10,7,10,7,4,8,9,8,8,9,7,8,9,8,10,7,9,10,5,3,7,3,6,5,9,9
"62b5ffcabc276b61f9dffc6f",392,6,9,9,4,8,6,9,6,6,10,8,6,9,9,7,9,7,6,8,7,8,8,8,6,7,7,7,6,10,10,6,7,7,7,7,7,7,2,8,7,3,8,8,7,8,7,8,6,4,3,6,6,6
"63e183ccf75cd51e92a6403c",353,7,7,8,8,10,7,9,8,8,8,9,8,6,9,8,8,8,10,7,8,9,8,7,7,8,7,8,9,8,8,8,7,8,9,7,9,8,8,8,8,7,8,7,8,8,8,7,7,6,6,7,8,5
"5ff73fdf2da88b3a26e7ca94",382,8,7,8,5,8,6,8,7,7,7,8,7,6,5,7,8,9,7,4,10,9,8,6,6,6,4,8,7,5,7,10,7,7,7,9,5,6,8,8,8,7,6,3,9,8,8,9,5,7,6,4,6,5
"5d1aaa554d7eea00170c45c3",503,8,10,7,9,10,5,7,7,9,10,9,8,6,9,9,9,10,9,5,9,10,8,8,8,8,8,8,9,9,10,9,8,10,8,10,9,7,8,7,9,9,8,7,7,9,8,10,9,6,8,6,8,3
"6105823b1105583143943a67",480,10,10,6,7,9,5,5,6,6,10,8,10,4,10,9,10,10,10,8,10,10,10,9,9,9,8,5,6,8,10,9,10,9,10,10,10,10,10,10,10,8,9,4,8,10,5,6,8,9,7,7,10,3
"60a96f55b7ab20ce0ac1b365",725,9,3,6,3,7,3,5,8,5,8,10,10,10,6,7,10,10,10,5,10,6,10,10,10,5,10,10,5,9,10,10,10,7,6,6,9,8,6,10,10,4,8,4,4,10,6,3,4,2,7,6,10,1
"5a32e703c862ce00011155f6",386,8,8,9,8,8,7,7,8,7,8,8,6,7,7,8,8,8,7,7,8,8,8,8,8,8,8,7,7,7,7,8,7,7,7,8,8,7,8,7,8,8,8,6,7,8,7,7,7,7,8,8,7,7
"63d40a381f0ecb243e1ada4c",493,4,9,6,3,7,2,8,5,5,9,9,4,3,8,5,8,8,7,4,6,7,3,8,6,6,5,6,8,9,8,8,4,8,7,7,7,5,7,7,5,5,7,9,6,2,3,8,3,4,2,5,5,9
"5c2cf8a7be4e9200014fc062",474,8,6,8,7,8,8,8,4,6,7,7,7,5,8,6,7,8,5,7,7,9,7,6,8,5,4,9,9,8,8,8,5,6,8,5,7,8,5,8,6,7,7,6,6,9,4,4,7,5,4,8,3,5
"5f5668cf2db7050961fce434",506,10,9,7,7,9,5,6,5,7,9,6,5,8,8,7,7,9,8,7,10,6,7,10,5,5,6,5,7,7,9,7,8,8,8,7,9,9,6,9,9,5,7,5,8,7,5,5,8,5,5,6,8,5
"63d4029514fd2433484c50a4",297,10,10,10,10,10,10,7,10,10,10,10,10,10,10,10,10,10,10,10,10,10,8,10,10,10,10,8,10,10,10,10,10,10,10,10,10,10,10,10,8,10,10,8,8,10,10,5,10,10,10,10,10,10
"64df85e63deb637518043407",650,7,10,7,8,8,5,8,7,6,8,8,8,8,7,7,8,10,9,8,8,8,8,8,9,7,8,8,6,8,9,8,7,7,8,9,8,8,8,8,7,7,9,7,8,10,7,5,7,3,7,2,8,5
"6349846837c4eb9c40269ba7",413,8,10,8,8,10,7,8,7,9,9,10,7,7,8,8,8,9,10,7,8,9,7,9,8,7,7,6,7,9,8,9,8,7,8,9,8,6,8,8,8,6,8,7,8,9,8,10,7,7,6,9,8,7
"63ea47b9cff7a02b6e1e4bc5",275,8,10,3,9,7,7,8,8,7,10,9,8,9,7,9,9,10,10,8,10,10,7,9,8,8,8,7,8,7,10,8,10,9,6,10,9,8,9,8,9,6,10,6,8,10,7,9,5,6,7,6,10,3
"614dbfd84002a61c075c791c",545,7,8,6,8,8,5,5,7,8,5,8,8,8,8,7,8,9,10,6,7,8,7,8,8,7,9,7,7,8,8,5,7,7,7,7,10,7,8,8,8,8,9,6,6,10,7,5,7,4,5,7,8,5
"5991baaa7d29e700017303bf",554,10,9,7,8,7,8,10,7,8,6,10,8,8,9,9,10,5,10,7,10,8,9,10,9,8,8,6,8,5,10,9,9,8,8,8,9,10,10,10,8,6,5,5,10,10,8,6,8,5,9,10,10,5
"5d38613038b787001804ff95",443,5,6,6,5,8,4,6,5,5,7,7,6,5,7,7,7,7,7,4,7,7,6,7,7,5,6,5,8,7,8,8,5,7,5,7,8,6,6,5,6,6,7,6,6,6,6,5,4,5,5,5,7,5
"61582bb3535ca6b95a258b09",377,7,7,4,8,7,4,7,5,7,8,8,6,7,7,8,7,7,9,7,7,7,6,7,6,6,6,7,5,9,8,9,6,7,6,6,7,6,7,7,7,4,8,8,7,8,5,7,6,5,4,2,6,7
"5e6ce118673e50000c303890",463,9,10,7,9,10,7,9,7,9,10,10,9,8,9,10,10,10,10,10,10,10,10,10,10,7,9,9,8,9,10,10,9,10,8,9,9,9,9,9,9,7,10,9,8,10,8,7,10,4,8,9,8,7
"5e678cb86474550309c0d783",308,7,8,6,7,8,4,7,7,8,8,8,8,6,8,9,8,8,9,6,8,7,6,7,7,7,7,7,7,7,8,7,4,7,5,7,8,7,8,7,7,6,6,6,7,7,7,5,6,4,5,5,7,5
"58cc4c53efb64f0001359761",347,7,10,7,7,10,5,8,6,7,8,9,6,7,7,7,8,8,7,7,8,7,5,8,6,7,5,7,7,10,9,8,7,7,8,7,7,6,8,8,7,7,7,9,7,8,6,8,5,3,3,5,5,8
"5ea073cfb8640c040e830651",705,6,8,5,7,10,6,8,7,8,10,9,6,7,8,8,10,9,9,9,9,9,7,9,7,8,7,8,7,10,9,6,6,8,8,6,9,6,9,9,8,6,9,8,8,10,8,7,8,6,6,5,8,7
"61486b7bb62283d3f37e8116",791,7,9,7,4,9,4,2,4,4,9,4,7,7,8,8,8,8,9,7,5,8,6,4,7,4,8,6,3,8,7,5,5,8,5,7,8,7,4,6,6,4,7,3,6,9,5,4,5,5,4,2,8,2
"65006520e60f4199d88b99b7",453,8,10,5,10,7,2,6,7,6,7,7,8,7,7,10,10,9,7,4,9,9,7,7,8,7,7,5,8,5,8,10,6,8,6,6,10,8,7,10,7,7,10,7,7,10,6,5,7,5,4,4,6,5
"6148a6b1c5fe7195b0fb3bb4",299,6,9,8,5,10,5,6,7,7,8,9,6,5,9,8,9,9,10,5,10,9,8,7,8,7,6,8,8,10,9,10,6,7,9,8,9,9,8,8,8,7,6,5,5,9,7,7,6,4,5,1,6,6
"64136457f1327294ffb3fef9",294,4,7,4,6,8,4,7,3,7,7,7,3,3,7,8,8,8,8,7,7,5,3,6,4,4,5,6,5,8,7,8,2,5,4,4,7,8,6,5,7,2,6,7,6,7,4,4,4,3,2,6,7,9
"5ea0110e8df7fa0008956a0a",307,9,10,10,9,10,10,10,9,10,10,10,8,10,10,9,10,10,10,9,10,10,10,8,9,9,10,9,9,10,10,10,10,10,10,9,9,10,8,9,10,10,8,10,10,10,10,9,10,9,10,8,10,10
"640785ce903930be7597e7c1",547,5,9,5,8,9,5,6,6,7,8,8,5,5,8,6,8,9,9,8,8,7,5,5,5,7,5,7,5,9,9,9,6,7,7,7,8,6,7,8,7,7,11,8,8,7,6,6,7,5,5,5,7,7
"622a006bea58be8f65d1041c",498,8,10,8,8,10,7,8,7,9,9,10,7,7,9,9,10,10,10,8,9,9,8,9,9,7,8,7,9,8,9,9,8,8,8,9,9,9,9,9,9,8,9,8,9,9,7,6,9,6,8,7,9,3
"5da78f61a60c0d0017d6ed89",495,10,10,7,10,10,5,10,7,10,10,10,7,10,8,10,10,10,10,10,10,10,10,8,10,10,10,10,10,10,10,10,10,10,10,10,10,10,10,10,10,8,10,10,6,10,10,10,10,8,10,10,10,6
"5f9b58decc0b6e20821be30d",545,7,9,4,6,7,7,10,6,9,8,8,7,4,7,7,9,9,10,3,7,6,8,7,8,7,7,5,7,8,7,9,6,9,6,8,8,4,6,8,7,3,8,3,8,8,6,10,4,6,4,3,9,4
"628bef28fbe03c493fe63f57",391,5,8,6,6,7,6,6,7,6,10,7,7,5,6,6,8,9,9,7,6,8,6,7,7,8,6,7,7,7,9,6,6,6,7,5,7,5,8,7,5,7,7,6,6,7,5,4,6,4,4,5,6,4
"63ea88e62f54ec96a1f8dadb",270,5,5,3,5,5,5,5,6,9,6,7,8,5,6,6,6,5,8,4,6,6,5,6,6,5,5,5,5,5,5,9,5,5,5,6,7,6,5,5,9,5,7,5,4,7,7,7,6,4,5,4,5,4
"640cbae3e88be609f5011050",476,10,10,6,9,10,7,7,4,7,9,6,10,10,9,10,10,10,9,5,9,10,10,10,10,3,7,5,9,10,10,9,10,9,4,9,9,10,8,7,10,9,9,8,9,9,5,10,9,4,5,8,7,3
"6074c0ce19889ca4efd4448e",618,8,10,10,10,10,6,8,8,10,10,10,10,10,10,10,10,10,10,7,10,10,10,7,10,10,10,8,10,10,10,10,10,10,9,10,9,8,10,10,10,10,8,5,9,9,10,10,8,8,10,8,10,9
"58df11961400fc000120786d",533,7,8,8,7,8,6,9,7,8,9,8,9,5,8,6,7,7,7,5,7,8,8,7,8,7,8,8,7,7,8,8,9,7,9,5,6,8,7,6,7,8,7,6,8,6,8,8,8,8,8,8,7,2
"5c8a2d11f7ab04001042af3c",309,6,9,6,7,6,7,5,5,9,6,6,8,7,7,8,9,9,9,7,8,9,7,6,8,5,7,9,8,5,7,7,8,7,8,9,8,8,7,8,8,8,6,7,6,7,6,6,6,7,8,6,6,3
"613f9cbb77b9b76e7f22f79c",866,7,9,5,8,8,7,3,5,6,6,8,7,5,7,5,7,7,8,6,8,6,5,5,7,5,7,5,6,6,7,7,5,9,5,7,6,5,6,6,6,5,7,4,6,8,6,5,4,4,4,3,6,5
"634c4cfeaca6573d137d35db",721,7,9,5,6,9,3,8,6,9,9,9,6,4,7,9,8,8,8,8,6,8,8,9,7,6,6,7,8,8,8,7,5,8,8,8,8,8,6,8,6,6,9,6,4,8,7,8,7,3,6,5,6,4
"5c5df0475b87820001c4f21c",439,7,9,7,6,10,7,6,9,8,9,8,9,5,9,9,8,9,7,7,8,9,8,8,9,8,8,7,10,8,8,5,7,6,8,6,8,7,6,9,8,8,7,6,6,10,8,6,9,6,7,5,9,8
"63288c4c7c9cc5e61437b9b0",298,7,9,8,7,9,6,6,7,7,8,8,7,7,8,7,8,8,8,5,7,6,8,5,8,7,5,7,7,9,7,7,7,8,6,6,5,6,6,7,7,7,7,5,6,6,6,5,5,5,6,4,8,5
"62cec31ec7f09e3c3df6a893",842,7,10,7,5,6,5,8,7,6,9,8,8,5,7,10,10,10,10,5,10,10,7,5,5,7,8,6,10,7,8,10,5,10,10,10,10,7,10,9,8,5,7,5,5,8,5,5,7,5,3,3,10,5
"59f8868e05d1d60001f1464d",397,7,8,6,9,9,4,5,7,6,7,9,8,5,8,7,8,8,9,7,8,7,7,9,8,7,8,8,7,7,8,7,6,9,5,7,7,7,8,9,7,7,8,6,7,8,8,6,7,5,5,8,8,5
"558996f2fdf99b7ae47f5ed2",363,7,8,7,7,9,6,6,7,8,7,8,7,7,7,7,7,9,8,5,8,7,7,8,7,7,7,7,8,8,7,8,7,6,7,7,7,8,7,7,7,6,8,6,6,10,7,7,6,6,7,5,5,6
"63d153292ab8a7e4066fb52a",335,7,8,8,7,10,4,5,7,7,8,8,6,9,8,8,8,9,6,6,9,7,8,7,7,6,9,5,8,9,8,9,6,8,7,8,7,7,8,8,8,9,8,8,8,8,7,8,8,5,5,7,9,5
"6160717242827a64a55d99ad",276,9,10,7,7,6,3,8,8,5,10,10,5,7,9,8,7,8,10,10,7,9,8,10,8,8,9,8,9,10,8,7,4,9,6,8,7,7,10,8,7,8,8,6,6,10,7,8,7,10,9,4,8,10
"5ec705b09b469614f8418b27",350,7,10,8,5,10,5,9,8,10,3,10,4,7,7,9,9,10,9,6,8,8,9,9,8,7,7,7,6,10,9,10,3,9,8,9,9,7,10,7,9,6,7,6,9,9,9,7,8,2,6,1,5,5
"5b0e9b491e55760001b99d7e",861,7,9,5,8,8,5,7,6,5,8,9,8,9,7,9,9,9,5,7,8,9,9,10,5,7,8,7,7,9,8,5,9,8,7,9,9,7,6,5,5,7,8,5,5,8,9,8,7,4,6,5,6,4
"5b6eeec5f7ed9d000153b6bc",541,7,10,6,7,9,5,10,8,7,9,9,9,7,8,10,10,10,10,8,9,9,9,9,10,8,9,8,8,10,9,9,10,9,6,8,10,8,8,9,10,6,8,9,9,10,8,8,8,6,6,7,9,6
"5c7b01b892edb30017dc1202",844,8,10,7,8,7,4,7,7,8,10,10,6,7,9,8,10,10,10,10,9,9,6,10,7,6,5,6,6,10,10,10,7,9,9,9,10,7,7,10,10,5,8,9,8,9,6,8,8,4,6,5,8,8
"63ea9c738b20fcda2fb74d17",503,10,6,6,9,8,8,6,5,7,5,7,7,8,8,8,9,10,10,7,9,9,7,8,9,5,10,8,5,6,9,6,7,8,8,9,10,9,9,10,8,7,10,6,7,7,6,5,9,5,7,5,6,5
"63f779740de2ae5b2620cec4",779,6,7,4,8,8,5,5,7,5,3,8,7,4,4,9,5,8,10,4,8,7,6,7,6,5,6,6,7,3,9,6,5,8,7,8,8,8,8,7,10,3,8,2,5,9,4,6,5,5,5,3,6,5
"5e79f9e323a65202fa307222",1080,5,9,6,8,9,5,6,4,8,8,8,8,5,8,8,9,8,8,6,9,9,7,6,9,6,6,8,6,8,8,8,7,8,9,7,7,6,8,6,8,9,7,4,5,7,9,6,6,6,7,4,7,5
"6102bbdba4dd279363094fca",395,8,10,6,7,7,3,8,6,8,8,9,7,6,9,7,9,8,8,6,6,5,8,7,7,5,6,5,8,8,9,9,8,9,5,7,8,7,8,6,7,4,9,8,8,7,3,6,5,5,5,4,6,7
"64403305213136974ed0f67a",393,8,8,7,8,8,5,7,7,7,8,7,8,8,9,9,9,9,8,5,8,9,8,6,8,7,7,7,5,8,8,8,6,7,9,7,8,8,8,7,8,7,9,8,8,8,4,6,7,4,5,5,7,10
"5c485ca68133a40001bad6c3",323,6,7,5,7,7,5,5,6,6,7,7,6,6,5,6,6,7,7,5,7,6,7,6,7,5,7,5,7,8,7,5,5,5,7,6,6,6,6,5,7,5,7,6,5,8,5,5,5,5,6,5,6,4
"5edf6e6477b7da228f342a8e",786,8,10,8,8,10,6,7,7,8,10,10,7,8,10,10,10,10,9,8,10,8,9,9,9,7,7,7,8,10,10,8,7,8,7,7,10,8,9,10,9,8,8,7,8,8,7,6,8,4,7,3,10,6
"5f2abb6c5c256a361e56d988",582,8,8,5,9,8,3,6,5,8,8,9,4,8,8,8,9,9,9,6,8,9,7,8,6,5,5,4,8,9,7,10,6,9,8,8,8,7,8,7,6,7,6,7,6,8,4,7,5,4,5,5,7,5
"5f460f42238570236044cc5f",795,6,9,5,6,8,4,5,5,8,8,8,5,4,8,5,8,9,8,6,8,8,5,8,7,5,5,5,8,10,9,8,5,9,6,6,9,8,8,7,8,5,8,6,7,8,5,7,5,4,5,5,5,5
"6481ebf947159c7efa309af7",593,10,10,9,10,4,4,3,6,10,9,8,10,10,9,10,10,10,10,8,10,9,9,10,9,6,10,8,9,6,10,9,7,10,6,10,10,10,10,10,9,9,8,7,10,10,6,4,9,3,6,8,10,2
"63d14a51d6878f5d4821cc2f",268,7,8,7,6,9,7,6,7,7,8,8,8,5,7,8,6,8,6,6,8,7,8,7,7,7,8,7,6,8,8,7,7,7,7,7,8,7,7,6,8,7,6,6,5,5,6,6,7,6,6,6,7,7
"5f08dafa392f74145122c0ee",620,8,8,9,7,8,8,7,7,7,7,8,8,7,9,8,7,8,8,6,7,7,7,7,7,8,7,9,8,8,8,8,7,8,8,7,8,7,8,9,7,7,7,7,7,6,8,7,7,8,7,6,7,6
"59a3b1a35fd74b0001abf9c1",561,8,8,7,8,9,6,5,6,7,7,9,6,7,6,7,8,9,9,6,8,9,8,7,8,6,9,7,6,9,8,8,6,9,6,8,7,9,8,7,9,6,9,6,7,7,6,6,4,5,5,5,8,5
"5ef37e2ca184db0e6896d19b",413,5,7,5,5,5,5,6,7,5,5,6,7,7,5,5,8,7,8,5,8,7,9,7,8,6,8,5,7,5,8,5,5,6,5,5,8,8,8,5,7,5,6,5,7,7,5,5,5,4,5,2,7,5
"5d1dddf22a76c70019a43cfc",485,8,10,6,4,10,4,10,7,10,10,10,7,6,9,8,10,10,9,6,10,8,9,7,9,8,8,8,8,9,10,8,7,10,9,9,8,8,8,8,8,6,8,9,7,10,6,7,8,4,5,6,6,8
"5e18d20ae4398b19caaddaa8",557,8,9,5,8,8,6,5,7,5,9,9,7,8,7,8,8,9,9,6,8,7,7,6,8,7,8,7,3,10,9,4,7,9,7,8,9,6,6,9,7,6,8,9,6,9,8,7,5,4,8,3,5,8
"64554c2ac18e7df234049dca",564,6,9,7,8,8,5,8,6,7,8,8,8,8,7,7,8,9,10,7,9,8,8,7,9,7,9,6,7,8,8,10,7,9,6,9,9,9,8,8,9,5,9,9,7,10,7,7,7,5,7,6,8,5
"6367a419abcaa926188b4cbd",450,8,10,7,8,10,6,7,7,7,10,9,9,8,7,9,10,9,10,3,10,9,9,9,9,8,9,9,9,9,10,5,6,10,8,9,8,9,8,9,9,8,8,8,7,6,7,5,8,3,8,7,10,3
"5dd26e66e454cd28a9d3153d",985,8,10,8,9,10,8,10,9,10,10,10,10,9,10,10,10,10,10,8,10,10,9,10,8,9,10,8,10,7,9,10,10,9,10,10,8,10,9,10,10,8,10,3,8,9,8,10,10,10,7,6,9,2
"644fdc8d0d748ff99020fcae",396,9,10,7,7,8,6,6,6,7,7,9,7,8,7,9,10,10,10,6,8,9,7,9,7,7,9,7,10,7,10,8,7,9,9,9,6,8,10,9,9,8,7,7,5,10,6,5,7,6,7,5,8,6
"5ca9f8926025570001c872f3",349,9,9,7,6,10,3,5,5,6,8,7,5,5,6,7,8,8,10,3,9,8,5,9,5,6,5,5,6,7,9,6,6,9,6,7,8,8,8,9,8,5,8,5,6,9,6,5,5,4,4,3,4,3
"5c921106b788a2000170709f",368,6,8,7,5,7,4,6,5,5,8,8,6,6,7,7,7,8,8,5,7,7,7,8,7,6,6,7,5,8,7,6,9,7,6,7,7,7,6,8,6,5,9,8,6,8,6,6,5,6,5,6,6,5
"5a4cee4553a4560001ba13d1",453,10,9,5,10,6,5,10,10,5,10,10,10,10,10,10,10,10,10,10,5,10,10,10,10,10,10,5,10,5,10,10,10,10,6,10,10,10,10,10,10,5,10,5,5,10,10,5,10,3,10,5,10,5
"5ca9d8af0adbf40001d84f9a",294,9,8,9,9,7,6,8,7,8,9,9,9,10,7,10,8,8,11,7,8,9,9,5,8,8,7,6,8,5,10,10,7,9,9,9,8,10,9,8,9,7,9,6,8,8,7,8,7,3,8,4,8,4
"63e51ca64e73ef229e10be90",325,6,9,2,6,8,5,7,5,5,8,7,8,5,7,7,7,8,9,6,8,8,5,8,8,5,7,5,5,9,8,9,7,7,3,5,7,7,7,7,6,4,9,5,5,9,5,5,5,4,4,5,6,7
"5882488edb9cf7000147bb04",737,8,9,7,7,8,5,6,5,5,7,8,6,6,8,8,9,9,6,8,8,9,6,8,7,5,7,7,9,9,9,8,8,7,8,7,9,7,9,9,8,7,8,7,7,8,8,7,5,5,5,5,7,9
"640851e97f3afdfd3b61e66d",617,8,10,7,10,10,4,9,6,10,10,9,8,7,9,7,10,10,10,10,10,9,9,10,10,9,8,10,9,10,9,3,8,10,4,6,8,10,7,8,10,7,8,10,10,10,8,7,6,6,6,5,6,8
"64135f17af87bdc0dfa9abf6",920,7,8,6,6,7,4,7,5,6,7,7,5,5,7,7,8,6,6,6,6,6,6,5,4,6,3,6,6,10,7,7,6,6,8,7,7,6,7,6,6,5,6,8,6,7,5,7,6,6,5,5,5,7
"61bb381140db417c1a138ba3",304,10,10,8,9,9,10,9,8,9,10,10,9,10,7,9,10,9,9,7,9,10,10,10,9,10,10,10,10,5,9,10,10,10,7,10,10,10,10,9,10,10,7,8,7,10,10,10,9,10,10,6,9,9
"57fc95035682050001101433",288,7,8,6,7,8,7,7,7,7,8,8,7,7,7,7,8,8,8,7,7,8,6,7,8,7,7,6,7,8,7,8,7,7,5,8,7,7,7,7,7,6,7,5,7,5,7,8,7,7,6,5,5,6
"5e511c978951c41415aac91d",281,8,8,6,5,8,6,6,5,7,8,8,8,6,7,8,8,8,9,5,7,7,6,8,7,6,9,6,7,6,8,7,6,7,7,8,6,7,7,7,7,6,6,7,5,7,7,6,6,6,6,5,8,5
"5f3421505cafc12d8ef821a9",451,10,9,9,9,7,4,8,7,7,10,7,9,10,7,9,9,10,10,4,9,8,9,8,8,9,10,9,8,6,10,9,10,6,7,9,9,10,10,10,10,8,8,8,8,10,7,5,9,3,7,8,9,6
"5e04b2156f6c63f3737380c6",365,10,10,10,10,10,10,10,7,10,10,10,10,8,10,10,10,10,8,10,10,10,10,10,10,7,10,10,10,7,10,5,10,10,10,10,10,10,8,10,10,10,10,2,4,9,10,6,10,6,10,6,10,5
"5e8592a92c33ae18079ebf68",254,7,9,4,6,6,4,5,7,7,8,7,5,5,8,8,7,8,7,7,8,7,5,6,6,7,5,5,7,6,8,5,6,7,6,7,6,7,6,8,7,6,8,6,5,9,6,4,6,5,6,5,6,6
"63d13d430971871b9ff88f8a",326,6,7,8,6,9,4,6,7,6,6,5,7,7,5,7,8,7,9,6,4,6,8,7,7,8,7,7,6,6,7,7,6,9,7,6,7,5,7,4,7,6,4,5,6,8,8,5,6,3,4,4,8,4
"63d90a2c692f92abe798b97d",772,7,9,5,5,5,5,4,4,6,9,8,5,6,7,7,8,9,7,7,8,7,5,7,6,6,6,5,6,10,8,7,6,8,4,8,7,6,7,7,6,5,7,8,6,8,5,4,6,3,5,4,7,6
"5c45d6f3169dc60001c13342",324,8,8,6,6,9,5,6,7,8,10,10,5,7,6,10,9,8,7,7,9,8,8,8,6,7,8,7,6,10,9,10,7,8,8,7,8,8,8,8,8,6,9,9,9,8,7,10,6,7,6,4,5,4
"5bc0b1bb63cb210001cf55ba",405,7,9,5,8,7,6,7,8,8,8,10,7,6,8,9,8,9,8,7,8,9,7,9,7,7,7,7,6,8,9,9,7,9,7,8,9,7,8,8,7,5,9,7,7,10,7,8,7,4,6,6,6,6
"6007626d299a4c1474621584",633,8,10,9,9,9,8,8,8,8,7,9,8,8,9,9,10,9,9,7,9,8,9,8,8,8,9,8,9,7,9,7,8,9,8,9,9,8,9,8,8,9,7,8,8,8,8,8,7,7,8,7,8,5
"63d50bed33ba8cb1b9794938",444,7,6,5,6,6,5,6,6,6,6,6,5,6,6,6,6,6,7,7,7,7,6,6,6,6,6,6,7,6,7,7,5,6,5,6,7,6,6,6,6,5,6,6,6,7,5,6,7,5,5,5,7,5
"59d949cf8fd07a000184247e",656,6,9,5,5,10,3,6,7,5,8,9,4,4,7,6,7,8,9,7,7,5,6,6,6,5,5,6,5,10,7,7,9,6,5,5,7,7,6,4,6,4,6,7,7,7,5,3,6,2,4,3,3,5
"5cdb487aa63838000162bc73",627,10,9,9,8,9,8,10,8,9,8,10,9,9,10,10,10,9,9,7,9,10,9,10,9,10,9,10,10,7,8,9,8,10,10,9,10,9,10,10,8,8,9,4,8,10,8,10,8,8,9,7,9,10
"63d3fc9de67e1179cdf0d080",545,8,8,8,9,8,8,6,8,8,8,9,8,8,7,9,7,9,8,8,8,8,9,8,8,9,7,7,10,8,8,6,8,8,8,8,8,8,8,8,7,10,8,6,8,8,8,8,9,7,7,6,9,7
"5e88727006b1360008cf33fb",437,8,7,4,7,9,5,7,5,8,5,7,7,5,7,7,8,7,10,5,8,8,8,8,8,7,7,8,4,5,8,8,8,7,4,7,8,8,8,9,8,7,5,3,4,9,7,7,5,5,4,4,7,3
"6361bfe81e0da4a406b33f1e",388,7,7,6,7,10,5,5,9,6,8,8,6,6,7,8,8,7,7,6,7,8,6,7,8,8,7,9,9,8,8,7,5,5,5,6,6,6,8,7,8,4,6,5,7,9,6,7,7,3,7,5,7,9
"5c6318e52c4f7600018e1687",558,8,10,7,8,10,7,8,9,9,10,9,10,9,9,10,10,10,10,9,10,10,9,9,9,8,9,8,9,9,10,10,4,9,9,10,9,8,10,8,8,9,8,8,8,7,8,10,8,4,6,6,10,8
"605da37765cbd262e6778323",306,8,9,7,7,6,5,8,7,6,8,8,9,7,7,8,8,8,9,7,8,8,8,7,9,7,8,5,8,7,10,8,7,8,6,8,9,8,7,7,7,5,7,7,7,10,8,7,8,6,5,6,8,5
"6126c376b030f1ef149929fb",733,9,10,5,10,9,6,5,10,10,10,10,5,9,9,10,10,10,10,6,10,7,9,10,9,7,6,10,8,9,10,8,10,5,8,9,7,9,10,10,8,10,10,9,6,10,10,5,10,5,3,9,10,4
"62a2648755dec7ce4164f875",651,7,7,6,8,5,5,5,8,5,6,6,7,7,6,6,7,7,9,6,6,7,7,7,7,6,7,6,5,5,6,6,7,7,4,6,6,8,7,6,7,5,8,5,5,8,5,5,6,4,5,5,6,4
"63164d67d236d9e5f55cf06c",433,3,1,3,3,10,4,8,2,8,7,8,4,4,7,6,6,7,9,4,6,2,4,1,6,3,4,3,6,9,6,8,2,8,3,7,4,4,7,6,2,3,6,8,5,2,2,7,4,2,2,5,6,9
"63468bba5b07f90fcd2c1e16",398,7,8,8,10,7,6,10,9,6,9,9,10,8,7,8,9,8,8,10,10,8,8,5,10,8,7,7,7,6,8,10,5,10,7,8,7,10,8,10,9,6,10,7,6,8,6,7,8,6,7,5,9,7
"5eba7de23468ad1cc5f33160",777,10,10,5,10,7,7,6,5,8,10,10,10,10,10,10,10,10,9,10,10,10,10,7,10,6,10,9,10,10,10,10,10,10,10,10,6,10,10,10,10,10,10,10,4,10,6,6,10,6,10,10,10,1
"6124131685a81a6996d97649",684,7,9,7,8,9,5,9,7,8,8,8,6,7,8,9,9,9,9,7,8,9,7,6,8,6,5,6,9,9,9,9,5,7,6,8,8,8,8,7,9,8,6,9,7,7,7,9,8,5,5,5,5,6
"5fa1625b165aa923f3e8e2eb",588,6,8,5,7,7,4,7,7,7,7,7,7,8,8,8,9,8,9,6,7,7,8,9,8,8,8,6,7,7,8,6,8,8,6,8,8,5,8,7,9,6,9,7,8,9,7,5,7,7,7,8,8,6
"64623fb9c31bd4da22cb60fd",525,7,6,5,7,10,7,8,9,9,9,10,6,7,8,8,9,9,9,9,8,9,4,8,6,8,6,5,8,10,9,10,7,10,7,8,7,8,8,8,7,6,9,7,7,10,5,10,8,3,9,7,6,8
"62d59b380be0866cf039e0ee",300,7,8,8,7,10,7,7,8,7,8,8,8,7,8,10,8,9,9,6,9,10,7,9,8,7,7,7,8,9,9,8,8,7,9,8,8,7,8,7,8,8,8,7,7,10,7,8,7,7,7,6,7,6
"5f04d2c3e5751c7a3dc73825",384,8,7,7,7,8,6,7,6,7,8,8,7,7,7,7,7,7,7,7,7,7,7,7,7,7,7,7,6,7,7,7,6,8,6,7,7,7,7,8,7,6,6,5,7,8,7,8,7,5,6,7,7,8
"5ff458933803bbb00107e417",1058,8,10,7,10,10,6,7,8,6,10,6,8,9,6,10,8,10,8,8,9,9,8,8,7,7,7,8,9,6,10,8,9,10,7,10,9,10,8,9,10,6,10,6,10,10,8,5,8,6,6,5,10,4
"5a9ca92b6219a30001f5351e",364,7,9,6,9,8,6,8,7,8,8,8,8,8,7,7,7,9,8,8,8,9,9,6,8,8,8,7,8,8,8,8,7,7,8,7,8,7,7,6,7,6,8,6,7,8,7,9,7,7,6,8,7,8
"5f84398548f546049c0b0688",492,9,10,10,7,10,8,9,9,10,9,10,10,9,10,10,10,10,10,9,10,10,9,8,10,10,9,10,9,10,10,10,9,10,10,9,10,10,9,10,10,10,9,9,10,8,10,9,7,9,10,9,10,10
"5e6d7fa722eae434ce63b64c",1049,7,8,4,9,10,8,6,7,6,6,10,6,5,7,6,7,8,10,9,9,8,9,9,9,7,7,7,8,7,9,6,7,6,8,8,6,9,5,7,8,6,8,7,4,8,6,7,5,6,5,7,7,6
"5e1e1a350e12221899bc2ed2",654,10,9,8,9,9,9,8,9,9,9,10,8,6,8,8,9,8,9,8,9,8,9,9,9,9,8,9,7,9,9,7,8,9,8,8,8,7,9,8,9,7,9,8,9,9,8,9,9,6,8,7,8,6
"5964e073241f8d0001065056",428,7,9,6,5,10,6,7,6,8,8,8,7,6,7,7,8,8,9,6,7,7,7,7,7,7,7,6,8,8,8,8,7,7,7,9,7,7,7,8,8,7,6,7,7,8,7,7,7,3,5,4,7,7
"5cbc7935dc8a8900017390a2",762,8,7,8,9,10,5,9,8,9,8,10,7,8,8,8,8,10,9,7,8,7,7,8,9,8,9,9,8,7,9,9,9,8,5,8,9,10,6,9,9,7,8,5,6,9,7,7,7,7,8,3,6,5
"5b36a113fb22f300017f6373",589,10,10,8,10,10,5,10,10,10,10,10,10,10,10,10,10,10,10,10,10,10,10,10,10,10,10,10,10,10,10,8,10,8,10,10,10,10,10,10,10,8,10,9,10,10,10,6,10,6,7,10,10,10
"63d69682ae3c01757185cfa3",489,9,10,7,9,9,6,7,5,9,10,8,8,9,8,9,9,9,9,8,9,8,9,9,9,8,8,7,7,10,10,10,9,9,8,9,9,8,8,9,9,8,9,5,8,9,8,9,8,6,5,7,9,5
"60ddcc052137212419247c3c",782,8,9,11,8,9,6,5,5,5,7,7,6,6,8,8,8,10,10,6,9,9,6,8,7,5,5,6,7,7,9,5,5,5,9,6,10,9,8,7,8,8,5,5,8,8,6,4,6,4,6,7,8,5
"5c5346b553fba80001bc9662",602,7,9,7,5,8,4,6,7,6,9,8,6,6,7,8,9,9,8,5,8,7,6,6,7,6,8,6,7,9,9,9,6,9,5,8,7,6,6,7,6,5,9,8,7,9,6,7,5,4,6,3,7,6
"576ef8ede26bd40001ebf904",579,7,8,8,6,6,5,6,5,8,6,6,7,7,8,8,7,7,10,4,7,6,8,6,10,7,7,7,7,6,9,7,7,9,7,8,9,8,8,6,7,7,8,2,7,8,6,7,6,4,8,2,7,3
"60b3a4a2da99cec56c93cc61",627,9,8,8,7,8,5,4,5,7,6,5,7,7,6,9,6,7,7,8,8,8,7,7,7,5,8,6,7,3,9,7,7,7,6,9,6,7,8,8,8,7,5,5,5,8,6,6,7,5,8,7,8,3
"5fcc07625049472607490069",687,8,10,9,9,10,8,7,9,8,10,10,10,7,8,10,10,10,10,9,8,10,10,6,10,9,10,10,10,8,10,10,8,10,6,9,9,8,8,9,8,6,8,6,9,10,9,8,6,6,7,10,9,9
"6399dc3d0fd3c5cc6da078f2",473,9,10,9,10,10,5,5,5,7,9,9,5,9,8,10,9,10,9,8,9,9,8,7,7,7,6,8,5,10,9,10,7,5,8,7,9,7,8,10,9,5,10,8,9,8,5,6,8,5,5,5,7,3
"5edd36ee4aaed5a3a0d9b6d1",666,10,10,10,9,10,9,8,9,9,10,10,10,10,10,10,10,10,9,8,10,10,10,9,9,10,10,9,10,10,10,8,9,10,10,9,9,10,10,10,10,9,9,8,9,10,10,9,9,8,10,9,9,8
"5ea47500e1706b051c71ed4b",399,6,10,4,9,8,6,8,4,5,8,10,7,7,8,10,9,6,9,8,8,7,9,8,6,4,7,5,7,7,7,10,6,7,4,7,7,8,7,7,8,7,10,5,7,10,5,7,6,3,3,7,6,6
"5b7bf6c98c721a00015d1feb",386,7,8,3,8,3,3,8,7,8,7,7,7,6,6,9,10,9,9,8,9,8,10,9,8,5,7,2,3,5,10,6,7,7,8,10,7,7,10,9,8,3,8,6,7,7,5,2,8,1,3,7,7,4
"62b05691722d0db3c9d69acb",468,9,10,8,8,9,7,9,9,9,9,8,9,7,9,10,10,10,10,7,10,9,8,8,9,9,8,8,10,8,10,8,8,9,8,10,9,9,8,8,9,9,8,7,8,9,8,7,8,8,8,6,9,7
"60e45f7e2581a9d2811431c0",583,9,7,7,7,7,7,6,7,7,9,7,5,7,8,8,8,10,7,7,7,6,6,7,7,8,7,7,5,6,8,7,8,8,8,8,8,8,6,8,8,6,7,4,7,9,6,5,5,5,5,5,6,6
"6055adff938d69192ff7c9a0",461,6,9,7,8,7,5,8,6,7,8,5,7,8,10,9,7,8,8,5,7,10,7,9,8,7,7,7,7,9,9,7,7,9,6,9,8,8,8,9,7,5,9,7,6,9,6,5,7,5,7,4,7,5
"5f4538b6ffe9f50c3cbe3ae1",464,6,7,6,6,7,5,6,7,7,6,7,7,7,8,7,7,7,11,7,7,7,10,5,10,6,7,6,7,6,8,10,7,6,6,7,7,7,7,6,6,7,7,6,6,7,6,6,7,7,6,6,6,5
"631a05a3780f4d3acf1d11e4",443,9,9,5,8,9,5,7,7,8,7,9,8,6,8,9,7,8,10,6,8,9,8,8,6,7,7,6,8,9,10,9,6,9,8,6,8,8,8,9,8,8,9,5,7,8,7,7,7,4,8,5,7,6
"574da26c7f1e770007f42d11",425,7,8,4,7,8,4,6,5,7,7,8,6,5,7,8,9,8,7,7,8,7,7,7,6,5,6,5,6,6,7,10,5,6,7,6,8,7,6,7,7,4,8,8,7,7,5,6,7,5,5,5,6,3
"5ef900822e4e74689b25e15e",444,9,9,6,8,10,7,6,6,8,9,9,8,8,7,9,10,9,10,6,8,8,7,10,5,7,7,9,5,10,9,10,8,9,6,9,10,8,7,7,8,6,4,6,9,10,8,8,8,4,6,4,9,4
"5d40d6fb7873a60017f627d3",398,6,8,6,5,10,7,6,7,6,7,7,7,6,10,5,7,6,6,4,6,6,7,7,7,8,8,6,10,5,7,6,5,5,7,6,6,8,6,6,7,6,5,4,5,8,7,7,5,6,4,9,5,6
"62e09943165d4dadd8b8f096",405,7,10,5,8,10,8,8,7,9,8,8,6,6,9,8,9,8,8,6,8,7,6,7,6,6,5,6,8,9,9,8,5,7,8,7,7,7,7,7,7,8,8,5,6,7,6,9,5,4,7,6,7,7
"5beb492b5324b10001c26ae8",557,8,10,6,5,9,7,7,7,7,10,10,7,9,9,7,9,10,10,6,8,8,7,8,7,7,8,7,7,8,10,7,7,9,7,8,8,9,10,7,8,6,10,3,8,9,7,7,6,3,6,6,4,6
"5c8406438d2bbf0017e4a416",502,8,8,8,7,7,7,7,8,7,8,8,8,7,8,10,7,9,7,7,7,8,8,9,8,8,8,8,6,8,9,7,8,8,7,9,8,8,8,8,9,7,7,6,7,7,7,5,6,6,7,6,7,4
"5e5556c0677c1055083ae16f",940,8,10,7,10,8,5,8,6,7,7,6,8,8,7,7,7,8,6,8,8,7,8,9,7,8,7,7,6,1,8,7,7,7,7,8,7,6,7,8,8,6,8,7,6,8,8,5,8,7,6,8,7,1
"615a2e97b0be29228a04569c",609,5,10,5,7,5,8,6,5,7,8,8,5,6,4,7,8,9,9,2,9,8,8,9,8,5,7,5,6,10,8,9,7,8,6,7,8,6,7,7,6,3,7,8,7,10,6,8,2,6,5,1,5,1
"642d25bb88c01b75c3f75705",704,6,6,4,5,7,4,5,5,4,8,6,5,6,6,6,6,6,7,3,5,7,7,6,6,6,8,6,4,8,7,5,4,5,5,6,9,6,3,6,7,4,4,5,5,7,6,4,5,2,3,2,2,4
"5a94d2e989de8200013ecab6",535,5,8,9,8,9,5,7,7,7,8,8,5,9,8,8,8,8,8,6,9,6,5,5,7,7,6,7,7,9,8,10,8,8,7,8,7,7,7,6,7,7,7,3,5,8,8,9,5,4,8,5,8,5
"597aab70fd9fe50001166ba0",567,7,9,5,9,7,6,6,6,7,8,7,7,8,7,9,9,9,10,8,8,9,7,10,7,8,7,6,8,4,9,6,6,8,6,9,7,8,7,9,8,5,9,5,7,10,7,5,8,4,6,7,6,5
"56bb6364724769000cb8ec0a",847,8,9,6,7,7,4,5,7,5,8,8,5,7,8,10,6,10,10,8,6,8,6,7,7,6,6,6,7,6,10,9,6,7,7,7,8,8,8,8,7,5,10,9,8,10,8,7,5,7,4,2,9,7
"5e989863b159970c9eec6b5d",830,7,10,10,8,10,3,6,8,10,10,10,4,8,10,10,9,10,10,10,10,10,8,10,7,5,6,10,10,9,10,10,5,8,8,10,10,10,9,10,10,10,7,5,4,10,8,9,10,6,9,4,8,4
"62aa2755455360b946076c5a",492,8,10,7,10,7,6,7,8,8,9,7,9,10,7,8,7,6,8,7,8,7,10,8,10,7,7,7,6,10,10,7,7,8,6,7,10,8,9,7,10,7,6,5,10,10,8,10,10,7,7,7,10,6
"622b8805afafad690676b69c",268,9,8,8,10,10,9,8,9,9,9,10,8,9,8,9,8,9,10,8,9,9,8,9,6,9,9,8,9,10,9,7,7,9,8,9,9,8,9,9,9,7,8,8,8,8,8,7,9,7,7,8,8,6
"62d9be690206e1b4f007eacb",480,8,10,6,10,10,8,8,10,9,8,10,10,10,10,10,10,10,10,10,10,10,9,9,10,8,10,6,10,8,10,7,7,10,7,10,8,8,9,10,10,7,8,7,7,10,9,6,9,4,7,2,10,6
"573f59f150f5e6000dcc4963",688,8,8,8,8,9,6,7,6,8,8,9,7,8,9,7,9,9,9,6,7,9,6,9,9,7,7,7,6,8,9,9,8,8,8,7,10,8,9,8,8,8,9,4,8,10,7,6,8,7,8,6,8,6
"5a75e9c119042000015569af",440,9,10,7,8,9,8,7,8,8,10,9,6,8,10,10,10,9,9,7,7,8,8,10,9,8,7,8,9,6,9,7,7,8,8,8,7,9,7,9,8,5,10,8,8,8,6,7,9,5,7,7,9,8
"63d40553bc02c796cdce7c59",638,9,9,7,9,9,6,7,6,8,7,9,6,10,6,7,7,9,7,9,7,9,7,9,6,8,10,10,9,10,8,8,9,5,8,10,6,10,10,6,5,7,8,3,5,6,6,9,6,8,6,8,9,9
"57b715b842195e000159f82b",1181,7,10,7,9,8,5,7,8,6,8,10,7,7,9,8,9,10,10,8,8,7,7,9,9,7,10,7,7,8,9,8,6,8,8,7,10,8,9,6,9,6,9,7,8,9,5,5,7,4,7,6,8,8
"5e8b765e88065404c4d50fe2",530,10,10,6,10,10,7,6,9,6,8,10,9,4,10,10,10,10,10,9,10,10,8,10,8,10,8,8,10,8,10,8,7,9,8,10,10,9,8,10,10,10,10,9,10,10,7,7,9,4,5,8,8,2
"5f0ca82409cf4f4b536072cb",649,3,8,2,6,8,2,4,1,6,10,8,3,1,4,7,9,8,6,4,7,2,1,5,3,1,2,2,5,10,8,9,1,8,9,7,8,2,7,6,5,2,4,9,6,3,3,9,4,4,2,1,3,6
"63d19a0b69829273230e5ba3",1014,7,5,9,4,10,1,2,4,3,8,9,5,6,8,10,9,8,10,4,9,7,7,7,9,4,9,6,8,6,9,6,5,8,8,8,9,7,8,10,10,8,8,1,3,10,6,3,5,5,8,4,8,1
"6500666449c95631153f70e6",898,5,9,3,3,4,3,4,3,5,9,3,5,5,2,3,3,3,3,5,9,8,10,2,3,2,5,5,5,3,8,7,10,8,6,7,8,2,2,2,6,5,1,9,3,7,5,6,5,5,5,6,5,5
"6317b7a699896d5d934ef262",483,5,7,5,7,9,5,6,5,5,5,8,7,5,5,8,8,9,10,7,6,9,7,8,7,5,7,5,8,9,8,5,5,10,5,8,5,7,4,5,5,5,10,5,6,10,5,5,6,5,5,5,3,5
"63de43b08a408605eced4803",1007,9,10,9,9,10,8,9,9,9,10,10,9,9,9,10,10,10,10,9,10,10,10,9,10,8,10,9,9,9,10,9,9,10,9,10,9,9,8,9,10,9,9,9,8,8,10,8,9,9,8,9,10,8
"64bd48e852793f77c5b243a8",882,6,8,6,6,8,6,7,7,6,8,7,8,6,8,8,9,9,9,7,8,8,7,6,8,8,8,6,7,7,9,8,6,8,6,9,9,9,8,8,8,6,9,6,7,9,7,6,6,6,6,6,8,6
"5d301a7c9f79cb001cdcbc91",288,4,7,5,2,7,4,9,3,7,8,8,7,6,7,7,8,7,8,8,7,5,6,9,8,5,7,6,5,8,7,8,4,8,6,6,6,7,6,6,7,5,8,8,7,8,5,5,5,2,6,5,7,8
"62a2f138e59fd0ac2cda41d7",569,8,7,6,6,7,5,6,6,7,7,7,6,8,7,8,7,8,9,6,8,8,7,7,7,6,7,7,7,6,8,7,7,7,5,7,7,7,7,7,7,6,7,5,5,7,6,6,6,6,6,5,7,6
"5c99e6372fd6f10015547681",761,8,9,7,9,9,6,6,7,8,9,9,8,9,8,9,8,9,9,7,9,9,8,9,10,7,8,8,7,9,8,5,8,9,8,8,9,9,9,9,8,7,9,4,9,9,8,8,8,7,7,3,8,6
"5c69483358b97400013b3685",507,7,8,6,7,8,5,8,5,6,7,7,6,7,7,8,7,9,10,7,7,8,7,8,6,7,5,6,6,7,7,8,7,8,5,8,8,4,6,7,7,7,8,7,7,9,6,6,7,6,5,6,6,5
"63d14977a22dee1760f8770d",509,9,10,7,8,10,6,8,9,8,10,10,10,8,9,8,8,10,10,7,9,9,9,10,10,9,8,9,9,10,10,9,9,9,8,10,9,9,10,8,9,9,8,6,8,8,8,7,9,8,9,9,8,6
"6141a3f91dcaae7e3a14740e",710,9,8,4,9,10,4,9,6,7,10,8,9,7,9,7,7,7,10,8,7,7,8,7,7,7,6,7,8,10,8,10,6,8,6,7,8,8,5,7,7,5,9,8,7,5,6,8,8,3,3,7,7,7
"5d494ee6034616000180b8cd",701,4,6,10,7,10,2,6,3,2,7,9,6,10,8,6,7,8,10,4,5,3,6,4,7,3,7,7,5,7,6,7,2,5,3,6,9,4,9,6,6,6,4,2,5,9,7,6,3,6,6,3,5,3
"5eecdbd10ecdd4090f68f114",505,8,9,6,8,10,6,8,8,9,7,8,8,7,8,8,10,9,9,5,7,10,9,7,8,8,9,8,7,6,9,8,9,7,7,8,8,8,8,9,8,7,9,8,9,9,7,5,8,7,7,4,10,6
"62a724222daaef200490b142",527,9,10,6,8,9,4,4,4,6,10,9,4,6,9,8,9,9,7,7,8,7,6,6,7,4,6,5,7,10,9,9,3,8,8,7,8,8,9,7,7,5,8,8,8,8,6,7,8,2,5,5,5,5
"5eaed8a47c0fb85aad3a20cc",824,8,8,7,8,7,8,8,7,7,8,8,8,8,1,8,8,7,8,7,8,7,8,7,8,8,7,7,7,8,8,8,8,8,7,8,7,8,8,7,8,7,8,5,7,8,8,7,8,8,9,7,7,8
"5e9fe0434aba1b192f795afb",553,9,10,6,7,8,6,7,6,7,9,8,8,6,7,8,9,9,10,7,7,9,8,8,8,8,9,8,8,7,9,9,6,7,8,6,8,8,7,9,10,7,9,6,8,9,6,6,8,5,6,6,8,5
"616f2317fed4c878757bcc59",602,10,7,5,6,9,5,5,8,10,6,4,7,5,5,10,10,10,7,2,9,10,4,9,7,8,5,9,3,1,10,10,8,7,9,7,10,5,9,8,8,8,10,6,10,8,8,5,5,5,7,4,10,3
"5cec0618539ced0001fbb47a",739,10,10,10,8,10,9,9,8,10,9,10,10,10,10,10,10,10,10,7,10,10,10,9,10,9,10,10,9,8,10,10,10,10,10,10,10,10,10,10,10,10,10,7,10,10,10,10,7,8,10,8,10,6
"5f33f48e7a8953257c8d5923",1211,6,10,7,6,8,5,6,6,8,9,8,6,6,6,8,7,9,7,5,8,7,7,8,6,7,7,7,9,9,8,9,5,5,5,7,7,7,7,7,7,6,6,9,7,7,6,5,8,4,5,1,7,5
"5dd2ccb118beb62d260e6747",247,9,10,10,10,10,7,3,8,7,10,10,9,4,10,10,10,10,10,9,10,10,9,8,9,9,9,8,10,10,10,8,7,9,10,10,10,10,9,10,10,5,9,10,9,10,8,4,10,6,5,2,10,2
"59784125d4061200016832bb",664,10,10,10,10,10,8,8,10,10,10,10,10,9,10,10,10,10,10,10,10,10,10,10,10,10,10,10,10,10,10,10,10,10,10,10,10,10,10,10,10,10,10,8,9,8,10,10,10,10,8,9,10,9
"62fd7f18b00ce5d1232bacb6",736,7,9,4,7,5,5,8,5,5,8,8,6,7,6,6,6,6,8,5,6,7,5,7,5,4,6,6,3,9,7,6,4,4,7,6,3,6,5,7,6,4,8,8,6,7,4,5,4,3,3,4,4,4
"64ef443e512eff93ca367ead",594,10,9,8,9,10,6,9,7,9,10,9,10,9,8,8,10,9,10,9,10,10,8,10,9,7,10,8,8,9,10,10,7,10,7,10,9,10,10,9,10,7,9,6,8,10,7,9,9,5,7,7,8,6
"59c8d84e916c4d00010944f2",871,6,10,8,10,10,6,6,6,9,8,9,8,6,7,9,10,10,10,4,10,9,9,7,10,8,5,7,7,9,10,10,7,8,7,8,9,9,8,9,9,7,8,7,9,9,7,6,7,3,8,5,8,5
"5a6e4286e6cc4a0001b6d281",1166,7,8,6,7,7,5,6,6,7,8,7,7,6,7,8,7,7,8,6,7,7,7,6,7,6,6,6,8,7,8,7,7,7,7,7,8,7,7,6,7,6,7,6,6,11,6,6,5,6,7,5,5,5
"5da760eae8174b001640d369",581,5,8,7,6,7,5,5,7,6,7,7,7,8,7,6,7,6,6,6,6,7,8,6,7,8,8,8,7,6,6,6,7,6,6,6,7,7,6,5,7,6,7,5,6,7,6,5,5,5,7,5,7,5
"5f088353b8a5fc0a5c0f9fac",645,6,9,4,6,9,4,6,3,4,5,7,4,4,4,6,7,8,7,6,6,8,5,7,6,5,4,6,8,10,8,10,5,9,6,7,8,6,5,5,5,3,8,6,3,8,6,4,4,4,5,5,9,9
"597c4133cae3340001135a72",828,10,10,8,10,10,7,10,8,9,10,10,10,7,10,10,10,10,10,8,10,10,10,10,10,9,7,10,9,10,10,8,8,10,8,10,8,9,10,10,9,9,10,10,9,10,10,8,7,8,8,7,10,8
"6229df3409ea92035c0c5d2b",682,7,10,6,8,6,6,6,7,6,9,10,6,7,9,8,10,9,8,8,9,8,7,9,7,6,7,6,6,10,9,6,6,8,9,6,8,8,8,9,7,6,9,10,9,9,6,5,8,3,6,6,8,3
"5ad5efefe2338200017798d4",983,7,8,8,7,10,4,6,5,6,10,6,8,7,6,9,8,9,10,4,7,9,7,8,7,5,7,5,8,9,8,8,5,9,5,7,9,7,10,7,9,7,8,4,5,8,6,5,4,5,9,4,9,4
"58693d5b1ed9d10001050196",648,8,9,7,6,10,6,6,7,8,9,8,7,7,8,8,9,8,9,7,9,8,8,7,8,7,8,7,8,9,9,7,7,7,8,7,8,8,8,7,8,7,8,7,8,8,7,7,7,5,7,5,5,6
"60c9c51c88ea655541c578f3",921,6,7,3,9,8,3,5,8,10,8,8,4,7,9,7,10,9,9,7,9,10,5,9,4,5,10,3,6,9,10,8,2,8,9,10,9,8,8,7,8,6,9,6,8,9,6,4,4,3,4,8,8,5
"5f4e0155cf03293db269f873",857,7,8,5,6,7,3,8,5,5,9,8,4,6,6,7,8,7,6,6,5,5,6,7,4,4,8,4,4,9,8,8,7,8,5,7,7,5,7,6,6,4,8,7,7,7,5,8,5,3,3,4,5,4
"5f217ef0c4020b08c27ece21",651,9,10,6,7,10,4,8,5,8,9,10,4,7,10,10,10,8,8,6,10,7,5,7,5,5,8,7,10,9,10,10,3,8,10,8,9,10,10,8,7,5,4,10,10,9,6,10,10,7,8,5,4,4
"5e9aff02f4a78b1a1fe7fc3c",865,8,10,8,6,10,4,9,8,6,9,9,10,7,7,10,10,9,9,8,10,9,10,8,9,8,10,9,8,6,10,10,9,8,7,9,9,9,8,7,9,8,9,7,6,8,10,6,9,5,6,8,4,5
"62dabd0c32decdde3f734147",745,6,10,5,10,5,5,6,7,5,7,8,7,6,7,7,8,7,10,8,5,8,9,9,6,5,7,5,8,5,7,7,5,9,5,8,8,8,8,8,7,6,5,6,5,9,6,8,6,5,6,6,10,5
"5d3f460e0be98c001711d2a5",1443,5,6,10,6,7,8,6,7,7,5,6,7,6,8,8,8,10,5,10,10,4,10,8,3,8,6,8,6,4,7,7,6,6,7,7,8,10,8,8,8,10,10,6,6,8,8,8,6,4,8,4,7,7
"63062f7d8fb591eee9806333",686,9,10,9,9,10,5,8,8,9,10,9,9,8,9,10,10,10,10,9,10,10,9,10,9,9,9,9,9,10,10,9,7,9,9,10,9,9,8,9,8,8,10,9,9,9,9,6,9,7,8,7,9,8
"5cb4b413a17c7300154f8b60",705,7,10,8,8,10,4,8,6,9,10,9,8,8,7,8,9,8,10,6,8,10,9,9,8,7,8,7,7,9,10,10,8,8,6,7,10,10,9,9,9,6,9,7,8,10,6,8,7,6,7,7,7,7
"607bfa69c30f5eb868379464",791,4,8,5,3,9,5,5,7,7,7,9,5,5,7,6,7,7,8,4,9,7,5,7,6,5,7,6,10,8,8,8,6,5,7,8,8,5,7,5,5,5,8,6,7,9,7,6,6,4,4,3,4,6
"60819ba1a8862e33495f8914",1157,9,10,9,8,10,4,8,8,9,10,10,9,9,9,9,10,10,10,9,9,9,10,9,9,7,9,7,9,10,10,10,7,9,8,9,10,7,9,9,10,7,9,10,8,9,9,10,7,6,7,5,10,5
"6400de1bcf1e30aacdbfd4fd",373,8,10,7,8,7,6,6,10,6,9,7,9,8,9,10,10,10,10,9,7,9,10,9,10,8,9,8,7,8,9,7,6,8,7,10,9,7,8,9,8,9,7,7,8,8,7,5,8,4,5,8,9,6
"60fc1f84103c6aa86a429ada",991,8,7,6,5,10,7,8,10,6,8,6,7,5,7,7,9,8,7,7,7,8,5,7,10,6,4,8,6,8,10,8,9,6,10,8,7,6,6,6,9,7,8,7,6,7,5,7,8,7,9,6,7,7
"5ed5554c81c8660c613057d4",702,9,10,9,10,10,7,7,9,10,10,10,8,10,10,10,10,9,10,9,10,10,8,10,10,9,8,9,10,10,10,9,7,10,10,10,10,10,10,10,9,10,9,5,9,10,8,7,10,7,10,9,8,7
"63654fcf8d9402db00e4fec9",1158,10,9,8,10,9,4,7,7,7,10,10,9,7,8,9,8,9,7,7,10,10,10,10,9,5,10,8,8,9,9,8,7,10,9,10,8,10,7,8,9,6,6,8,9,10,8,5,9,4,8,8,7,4
"62a0b27b0b945373e13019eb",901,9,10,7,8,7,8,9,7,9,10,8,9,8,6,9,9,8,8,6,8,9,7,5,7,7,10,7,6,9,7,9,7,10,5,10,9,8,9,10,8,6,9,9,8,8,7,9,8,6,5,7,7,7
"56c9e4d9b30699000bd974a5",898,7,9,4,8,9,5,8,6,7,9,9,7,4,8,8,9,9,10,8,7,6,7,6,8,7,8,5,7,9,9,9,6,8,6,8,7,8,8,7,8,3,9,8,8,8,5,6,6,4,3,3,8,7
"5ed535c186c45a0a0b2f4158",979,10,10,6,7,8,5,7,9,7,8,10,10,10,9,9,9,10,8,6,8,9,10,4,10,9,10,9,9,7,10,8,10,10,5,8,10,9,8,9,7,5,8,8,7,10,8,4,5,6,7,4,9,7
"63e5285c67584a2d544c62c2",1264,7,10,5,8,10,5,7,4,4,10,10,10,10,5,8,8,9,5,3,9,10,10,7,10,4,10,5,5,10,7,7,10,7,5,8,10,5,6,8,9,5,8,6,7,1,7,10,7,5,5,8,7,3
"5c48f116c41b2a000183e340",1100,9,10,6,7,10,8,8,8,6,10,9,8,8,8,9,9,10,10,8,9,9,7,9,10,5,9,8,9,9,9,8,4,6,9,9,9,8,10,9,9,7,9,9,10,9,8,7,8,3,7,7,9,5
"63ee09a8b6db0d49e7c72de4",455,4,8,5,4,6,4,6,7,5,6,6,7,5,6,8,7,6,9,5,6,6,7,5,9,6,8,6,6,7,8,6,5,5,9,5,6,6,5,8,6,4,5,6,5,7,6,4,5,5,5,6,6,6
"5f45882f55090e1a65935ffd",1423,7,10,7,8,10,4,7,7,6,10,7,7,7,8,10,10,10,9,8,10,8,8,8,8,8,8,6,7,9,10,7,7,9,6,10,10,9,10,10,8,7,8,8,9,10,6,5,8,6,7,7,8,7
"61605cf244c21516200527ce",1281,7,9,11,7,9,6,7,9,7,9,8,8,7,7,8,8,8,7,6,7,8,8,7,10,8,8,7,7,9,9,7,8,8,7,8,7,7,7,8,7,7,7,7,8,6,8,7,6,5,7,4,7,9
"6403da7963bddf9eef602e4c",1332,8,10,8,9,8,6,8,9,6,9,8,8,6,9,9,9,9,10,8,8,10,9,9,10,9,10,8,9,7,10,7,9,6,7,8,8,8,10,8,7,8,8,6,8,9,8,7,9,7,9,4,9,6
"63ed0d97a93096d3dbfe8a3f",327,8,10,5,9,8,8,5,5,8,7,10,7,8,10,10,10,10,10,8,10,10,9,10,7,7,8,7,6,6,10,10,8,7,5,10,10,9,8,10,10,5,10,3,7,10,7,7,8,6,4,7,10,1
"5b8cb3ce00e0f0000128dad4",849,7,7,6,5,10,5,6,6,7,9,9,7,6,7,8,9,9,11,4,7,8,6,9,6,7,7,6,8,7,7,8,7,8,6,7,7,5,5,5,7,5,8,3,7,10,7,6,5,5,8,7,9,5
"5ed368ce7400922f544fdecc",1402,7,9,6,10,5,4,8,7,7,10,9,7,7,7,9,9,9,10,7,8,8,9,9,10,8,8,6,7,7,8,7,6,9,5,9,9,8,9,8,7,6,9,6,7,10,7,5,7,4,5,6,7,5
"56815ef3c5767f00121d2088",1712,10,10,10,10,10,10,10,10,10,7,10,10,10,10,10,10,10,10,10,10,10,10,10,10,10,10,10,10,2,10,10,10,10,10,10,10,10,10,10,10,10,10,5,10,10,10,10,10,10,10,10,10,10
"594b8f21890ed60001ead0a3",1451,7,8,7,7,7,7,7,7,6,8,6,7,7,7,7,8,10,7,7,8,9,7,8,8,7,9,7,7,7,7,9,7,7,7,6,7,8,7,7,7,7,8,7,8,10,7,7,8,6,5,8,7,8
"62d6d7815de3a8625be3c0de",2131,6,9,5,5,8,5,5,5,5,9,7,6,6,8,7,8,8,9,7,6,7,6,9,8,5,8,5,6,10,7,8,6,5,5,7,7,6,9,8,7,5,8,5,6,8,5,5,5,4,4,5,7,5
"5e15092ab199e4b0f8660ba6",1837,8,7,4,9,10,3,7,5,6,8,8,7,7,8,8,9,7,7,4,7,7,7,4,5,6,6,8,9,10,8,9,5,7,7,6,8,5,6,7,7,6,6,8,7,5,5,8,4,6,2,1,9,1
"5c858149bc64870012babfe3",2168,10,9,9,10,9,8,6,9,10,9,9,5,7,10,10,10,9,8,9,9,10,6,9,8,9,7,8,10,8,10,10,9,6,10,7,10,10,9,9,10,10,9,3,9,10,9,7,10,7,9,6,9,5
"60075c50b660fb243f64521c",290,8,8,8,8,7,7,9,7,8,9,9,9,8,9,7,9,9,8,6,8,9,8,6,8,9,9,8,9,6,9,8,8,7,8,8,8,8,8,8,7,8,9,8,6,9,7,8,8,8,8,7,8,4
"6100514bfa1dc1699434ed0d",420,6,6,8,6,8,4,6,7,5,8,6,6,7,6,6,6,9,7,7,6,8,7,7,4,7,7,8,8,5,6,7,6,8,6,6,5,8,7,6,6,7,8,7,6,5,7,8,5,6,6,3,7,4
"56d8df02d13f6b000e542eef",1802,8,10,7,7,9,4,5,6,6,8,8,6,8,7,8,8,7,7,8,7,8,8,8,9,8,7,8,8,10,9,5,8,10,7,7,9,7,7,8,7,8,8,8,8,10,7,7,8,7,8,7,7,7
"614e20ab74f396ea8e097342",337,7,9,6,6,7,4,6,4,6,8,8,5,4,5,7,7,7,6,7,5,6,5,7,6,5,5,4,6,9,8,7,4,6,7,5,6,7,5,4,5,5,5,6,6,6,4,4,4,4,4,4,6,6
"5f7735ba0b8f6221c5c2995f",357,8,10,7,9,8,5,7,6,7,8,7,10,8,7,9,10,10,10,4,8,10,7,5,7,10,9,6,8,7,10,10,9,7,7,9,9,8,8,8,8,9,7,3,5,8,7,10,8,6,8,6,8,5
"64203836cc2a802088981415",2371,7,8,7,7,8,5,5,5,7,8,8,7,6,7,7,7,7,9,6,8,7,7,7,8,5,7,6,7,8,8,7,7,7,8,6,9,5,6,7,8,6,9,6,7,6,7,8,6,4,4,5,7,6
"5bd046302c109500017a4232",2125,10,10,7,8,10,8,8,7,9,9,8,9,8,8,8,9,9,10,8,7,10,9,8,10,7,9,10,9,10,9,9,9,9,7,10,9,8,7,8,8,8,6,6,8,8,9,7,7,8,6,5,9,5
"6320dedde465584fa398d6e1",598,10,10,9,10,10,10,9,9,9,10,10,10,9,10,10,10,10,10,10,10,10,9,10,9,10,10,8,10,10,9,10,10,9,9,10,10,10,9,8,10,10,9,8,10,10,8,10,10,10,10,10,10,8
"588d4876b08cc30001b77a5e",288,8,10,8,10,10,6,6,8,8,7,10,6,6,7,9,10,9,8,8,9,8,6,10,9,8,7,10,9,10,10,9,6,8,7,6,10,8,7,10,9,6,8,7,8,7,9,6,8,9,6,6,8,7
"5e47334ae1275e1f219e11db",431,7,9,7,7,8,7,7,6,6,8,8,6,5,7,8,8,7,8,6,8,8,6,7,6,6,7,6,8,7,9,6,6,6,8,7,7,7,8,7,8,6,5,6,7,7,6,7,7,5,6,6,7,6
"5e5521580ee1b951df544c3c",472,7,7,6,9,8,5,7,7,6,6,8,7,7,7,8,9,8,8,7,7,8,7,7,7,7,7,6,7,7,8,6,7,8,7,8,8,7,8,8,7,6,7,5,7,9,8,7,8,5,6,6,6,5
"5c7288f41384ee000111604a",481,8,9,6,8,5,8,8,6,8,7,7,8,8,9,8,8,8,7,8,8,9,7,6,8,8,9,8,8,7,6,7,6,6,7,7,7,8,7,7,7,8,8,8,7,9,7,8,5,8,7,8,8,5
"63dbf855fcc6eef0890e966f",3340,9,10,9,8,10,5,10,7,8,9,10,8,5,10,10,10,9,8,9,10,10,7,6,9,9,10,8,10,10,10,8,7,10,7,9,10,9,9,8,9,7,8,8,9,7,8,6,6,4,4,5,9,7
"5ef512f59a0686144b8e6263",1051,9,9,7,8,8,6,9,7,9,10,9,7,8,8,8,10,10,8,8,9,9,8,7,10,7,9,7,8,9,9,9,10,8,9,8,9,8,9,8,9,6,9,9,9,7,7,10,9,7,6,7,9,8
"61fa93315719bc09cb834c22",5093,3,7,4,8,9,4,7,7,4,7,4,7,6,4,8,7,8,6,9,4,6,6,5,8,4,4,4,6,9,3,7,4,5,7,3,9,6,6,4,8,8,11,7,8,3,3,9,7,4,4,4,4,5
"5f1ee5f7d348da03f8e6c3eb",5768,6,9,8,6,9,3,5,6,5,5,8,9,7,6,6,8,8,8,7,8,8,9,9,8,5,7,6,8,7,9,5,7,7,6,5,8,7,7,8,6,5,3,4,3,7,8,5,8,4,7,5,6,4
"5e5ef0f8b5968c2255548836",7440,7,6,7,7,10,7,6,9,8,9,9,7,5,10,7,8,8,7,8,8,8,6,9,7,8,7,8,9,8,7,6,5,6,8,6,7,8,7,6,8,8,6,7,6,6,8,4,6,3,7,5,7,8
"63ea4e31bc92a24da1f85180",421,7,8,11,5,9,5,8,5,7,7,7,5,5,7,8,8,7,8,5,10,8,6,5,7,6,6,6,6,8,8,7,7,8,5,7,6,7,7,7,7,6,5,5,7,5,6,7,5,3,5,5,10,3
"601017ce4f1db9279c1f2b7c",413,7,9,9,9,8,7,8,8,9,8,8,7,7,8,7,9,8,10,8,8,9,9,8,8,8,9,8,8,6,8,9,8,7,8,8,8,8,9,8,7,8,8,4,8,9,7,7,8,6,9,6,8,4
